CustomerID,Revenue,Orders
14646,280206.02,73
18102,259657.3,60
17450,194550.79,46
16446,168472.5,2
14911,143825.06,201
12415,124914.53,21
14156,117379.63,55
17511,91062.38,31
16029,81024.84,63
12346,77183.6,1
16684,66653.56,28
14096,65164.79,17
13694,65039.62,50
15311,60767.9,91
13089,58825.83,97
17949,58510.48,45
15769,56252.72,26
15061,54534.14,48
14298,51527.3,44
14088,50491.81,13
15749,44534.3,3
12931,42055.96,15
17841,40991.57,124
15098,39916.5,3
13798,37153.85,57
16013,37130.6,47
16422,34684.4,51
12748,33719.73,209
15838,33643.08,19
17404,31906.82,15
17389,31833.68,34
13098,28882.44,28
14680,28754.11,16
13081,28337.38,11
13408,28117.04,62
17857,26879.04,23
16333,26626.8,22
13777,25977.16,33
12753,21429.39,6
12744,21279.29,7
16210,21086.3,18
17675,20374.28,31
17381,20275.61,29
15039,19914.44,47
12471,19824.05,30
12731,18895.91,12
15159,18641.010000000002,30
12901,17654.54,28
12678,17628.46,12
14031,17286.86,19
17428,17256.85,28
13767,17220.36,37
13881,17159.52,20
16839,16594.35,34
12921,16587.09,37
14607,16569.5,14
15856,16387.57,27
17677,16363.23,30
15189,16225.39,41
14051,15610.390000000001,23
15513,14758.220000000001,19
16133,14589.04,33
14866,14389.9,12
16705,14034.99,20
12681,13787.54,22
12621,13689.67,20
12540,13400.24,17
12433,13375.87,7
15498,13316.4,27
12477,13219.74,6
17735,13110.02,19
16525,13027.45,26
14258,12669.98,9
13078,12627.94,26
12536,12601.830000000002,3
15640,12515.66,15
16000,12393.7,3
17340,12353.29,11
12682,12288.22,31
13113,12245.960000000001,24
14606,12156.65,93
12557,11990.960000000001,5
12939,11581.8,8
15125,11528.48,15
14194,11349.52,21
12971,11189.91,86
14895,11138.710000000001,20
12409,11072.67,3
15482,11054.96,12
17581,11045.04,25
13319,10845.550000000001,26
17107,10815.43,6
13340,10736.48,7
14769,10674.75,8
17139,10668.47,12
16779,10629.720000000001,22
17865,10526.32,20
17706,10504.49,17
15251,10484.99,11
14062,10464.85,12
15615,10399.74,23
15502,10384.93,12
16180,10254.18,8
16843,10196.57,16
12590,9864.26,2
13001,9818.82,13
13199,9817.12,38
15078,9743.11,32
12709,9736.52,15
13458,9646.57,14
14733,9585.91,12
16523,9418.470000000001,21
12567,9401.28,10
14367,9261.52,16
14667,9241.2,25
18092,9068.26,11
13969,9053.94,18
12451,9035.52,5
13488,8968.31,13
13090,8910.82,14
16033,8816.4,20
17017,8694.26,20
17243,8676.85,26
17306,8631.31,19
16656,8625.8,15
14527,8508.82,55
12683,8476.57,15
18139,8438.34,6
15358,8347.2,22
16558,8338.49,20
14056,8214.65,23
14936,8137.02,8
16672,8134.9400000000005,20
13854,8109.5199999999995,25
14952,8099.49,11
18109,8052.97,26
14796,8022.49,17
12428,7956.46,9
15290,7943.22,18
14849,7930.54,25
12757,7857.1,13
17811,7837.7300000000005,39
13093,7832.47,8
12435,7829.89,2
13629,7792.36,11
15044,7700.2300000000005,17
15194,7616.53,15
18172,7561.68,20
13263,7454.07,35
12474,7375.79,18
12980,7374.900000000001,9
15465,7354.62,18
17396,7330.8,8
12583,7281.38,15
13018,7277.7,28
18229,7276.900000000001,20
16923,7247.61,19
16729,7239.92,21
16745,7194.3,17
16873,7123.62,6
13324,7121.95,10
13985,7060.13,15
14961,7044.68,9
12766,6989.63,7
12798,6977.04,3
12989,6924.110000000001,15
16713,6923.13,15
13027,6912.0,6
16187,6911.4400000000005,15
17416,6893.42,7
12705,6868.29,9
12476,6816.42,11
12830,6814.64,6
15023,6802.76,11
18055,6784.1900000000005,10
15601,6776.56,14
16652,6773.97,7
16532,6748.8,3
13576,6717.34,18
16746,6697.66,18
15249,6688.46,13
16353,6675.71,23
17338,6643.93,8
12626,6620.48,9
16182,6617.65,4
15144,6580.44,17
12472,6572.11,7
16814,6509.1,21
12431,6487.45,15
18223,6484.54,14
15694,6479.4,14
13225,6463.84,7
13102,6424.09,24
13871,6403.25,13
12359,6372.58,4
13668,6363.59,21
13709,6328.05,13
15005,6316.57,28
17315,6292.26,38
16126,6287.77,4
14057,6217.96,17
12357,6207.67,1
14060,6140.42,19
13418,6127.43,18
17509,6115.14,8
15939,6115.01,15
14735,6065.69,32
12637,6021.9,8
13097,6010.42,10
13316,5977.7300000000005,4
14101,5976.79,6
15382,5955.71,6
14505,5905.64,8
14415,5900.28,13
14944,5900.25,12
13209,5891.61,8
13534,5870.08,25
13050,5836.86,17
12720,5781.73,25
15218,5756.89,11
17686,5739.46,7
13178,5725.47,11
16553,5719.82,12
13468,5704.97,37
14110,5683.15,12
14049,5681.72,4
17049,5659.9800000000005,9
17716,5655.99,11
13004,5655.91,18
18118,5653.82,26
14688,5630.87,21
17757,5605.29,30
12481,5596.32,10
12839,5591.42,14
16767,5580.6,11
16161,5575.56,19
12539,5568.35,4
15805,5528.4800000000005,17
18225,5509.12,12
16609,5493.46,7
16985,5464.12,10
16265,5447.0,9
18198,5425.56,17
12490,5417.93,10
17809,5411.91,12
16701,5398.3,13
17719,5396.04,15
17850,5391.21,34
16303,5360.63,3
13269,5346.2300000000005,15
15150,5314.47,10
17730,5298.4800000000005,13
17061,5232.2300000000005,11
18226,5228.05,11
12362,5226.23,10
15046,5213.7699999999995,15
16258,5203.51,5
13756,5189.52,14
16191,5180.52,13
15727,5178.96,7
17858,5155.66,12
13599,5153.67,21
15903,5126.76,7
13941,5112.96,5
17602,5102.97,6
16700,5076.55,13
14562,5074.77,18
15301,5070.35,12
13139,5064.94,7
12432,5059.32,5
15719,5045.61,13
17426,5037.26,6
14329,5014.84,7
14755,5010.28,11
12444,5005.46,5
15032,4959.1,3
15547,4954.84,14
12437,4951.41,18
12700,4939.99,4
15786,4932.2,3
14709,4921.04,13
17133,4892.240000000001,7
12664,4881.88,9
12688,4873.8099999999995,1
14292,4871.93,9
17652,4867.72,12
15738,4812.42,16
13013,4810.9400000000005,13
15555,4805.17,16
17365,4801.56,8
15298,4799.9,12
15187,4777.18,16
17690,4757.95,15
12955,4757.16,11
14180,4748.52,25
15152,4745.69,13
16722,4730.81,13
12714,4708.86,5
14159,4693.01,11
14135,4690.31,15
14191,4684.76,13
15291,4668.3,15
14189,4654.08,15
14390,4652.82,9
14286,4628.75,3
16931,4604.22,21
13802,4599.42,3
15093,4597.02,6
14004,4582.64,7
17613,4559.150000000001,14
17068,4552.14,21
12484,4541.72,6
13267,4521.49,19
15299,4507.01,7
17975,4488.81,13
12524,4485.72,8
14426,4481.67,10
16984,4481.35,2
17364,4481.18,11
12627,4478.53,7
14085,4448.54,18
14534,4447.05,18
13069,4436.12,24
15955,4416.26,14
16626,4413.1,17
15874,4405.88,7
12712,4396.13,13
13505,4393.63,4
12752,4366.78,1
16945,4345.5,19
14016,4341.21,4
14800,4339.74,12
14525,4332.2,9
17567,4331.48,8
18251,4314.72,1
12347,4310.0,7
15034,4308.61,8
17937,4301.22,7
14422,4263.64,6
12500,4257.82,11
17419,4226.57,12
14277,4216.2,3
15804,4206.39,13
17920,4204.1,17
15971,4199.85,12
12747,4196.01,11
14146,4191.0,5
18041,4183.39,21
12949,4167.22,8
15570,4165.52,12
16549,4154.64,10
13384,4151.93,7
13555,4149.28,4
13988,4147.96,6
15514,4139.46,11
12569,4124.69,32
16592,4113.68,16
17940,4106.4400000000005,10
17377,4100.92,20
16401,4098.32,12
16670,4095.9,11
12749,4090.88,5
14092,4076.91,14
12449,4067.29,4
18087,4055.7199999999993,2
14401,4051.48,13
12656,4051.17,5
12867,4036.82,7
13815,4027.36,4
12841,4022.35,25
12957,4017.54,8
12378,4008.62,1
14547,4007.54,8
16186,4006.94,12
17769,3997.98,10
15529,3995.23,11
17001,3989.57,11
15416,3984.32,4
17611,3984.22,15
12779,3981.36,8
12727,3980.7,7
14299,3965.62,9
13523,3964.88,5
13183,3957.78,9
17651,3945.0,10
12473,3938.5499999999997,5
17593,3927.34,5
14739,3902.28,7
13999,3901.81,12
14291,3883.25,11
18073,3877.5200000000004,12
13124,3866.33,3
15195,3861.0,1
16717,3858.38,6
12662,3849.78,11
16327,3844.22,6
13266,3834.2599999999998,12
17091,3827.76,9
15867,3812.64,15
12755,3811.95,2
12597,3811.22,4
13435,3809.8900000000003,7
12668,3807.15,4
16145,3799.4900000000002,11
16655,3794.52,6
16168,3787.6,27
16019,3786.2400000000002,9
12562,3781.7400000000002,7
17173,3766.6,8
16904,3754.27,16
12429,3750.4,4
17238,3744.65,17
14145,3742.2,4
13552,3740.07,12
16570,3738.4,10
15808,3734.9700000000003,4
14282,3729.34,15
12502,3723.87,5
12647,3722.82,12
13680,3722.42,4
16240,3718.8,2
14364,3717.35,8
15845,3711.77,8
15622,3709.56,9
13148,3707.12,12
17819,3704.87,7
15379,3703.29,7
12553,3692.28,10
16253,3683.86,2
15581,3679.9700000000003,13
15296,3672.86,6
18079,3651.97,4
13137,3650.41,8
12417,3649.1,9
16712,3645.43,11
13426,3641.32,10
12619,3641.24,9
16440,3640.67,5
13381,3639.31,6
17230,3638.41,8
14543,3630.33,16
17528,3628.5,8
13327,3627.77,8
13520,3624.35,6
17576,3622.68,19
14040,3614.92,12
13082,3613.63,9
15505,3610.96,5
15113,3609.33,3
16242,3603.21,7
15484,3594.31,4
14132,3586.0299999999997,11
17203,3563.85,6
17491,3558.87,10
15544,3546.71,9
12370,3545.69,4
14503,3543.26,6
13448,3539.37,6
13334,3536.82,3
12454,3528.34,1
17160,3518.03,6
13953,3515.68,7
16360,3512.53,6
14395,3507.71,9
16131,3506.54,6
14907,3501.1,7
16458,3482.7400000000002,18
13993,3466.36,9
13014,3466.2799999999997,10
17758,3456.7000000000003,8
15410,3450.84,8
13536,3448.29,7
15129,3447.4,11
15974,3442.15,7
17725,3439.08,11
15676,3435.76,3
14221,3432.8,9
12406,3415.3,2
15981,3408.48,8
13437,3408.06,7
17669,3406.7200000000003,7
13198,3401.2400000000002,6
15228,3386.71,4
13842,3385.62,9
15708,3364.2400000000002,7
16011,3362.71,16
14227,3350.96,10
16818,3349.57,11
16607,3347.71,14
17183,3347.31,6
13015,3346.28,5
12643,3344.64,6
12613,3344.38,5
12594,3338.2200000000003,10
16556,3313.79,7
13373,3312.25,3
14841,3295.76,6
14702,3292.14,17
15632,3285.31,8
12480,3281.63,4
15764,3279.97,6
17723,3276.4000000000005,6
13952,3251.071,2
13047,3237.54,10
15443,3236.91,7
17050,3228.84,6
14175,3222.3,3
13880,3219.77,13
13268,3214.69,11
14388,3212.84,8
16107,3204.1600000000003,7
17220,3198.25,14
13868,3192.54,2
17685,3191.53,7
13758,3190.55,7
14844,3189.81,4
12456,3181.04,3
17672,3178.17,2
17231,3174.32,10
16837,3170.98,11
16041,3166.4,3
15861,3165.36,8
17863,3160.0,6
15065,3158.13,4
14235,3144.86,5
13742,3131.02,12
16156,3122.04,9
13685,3119.44,7
16326,3110.96,14
16678,3109.99,12
13869,3104.95,4
14099,3104.17,11
16905,3102.43,7
15491,3100.09,6
14257,3099.7200000000003,5
14565,3099.12,4
13135,3096.0,1
17059,3095.04,5
13362,3090.7400000000002,4
15998,3089.97,5
16218,3084.68,7
18272,3078.58,6
12910,3075.04,8
13631,3070.42,11
16686,3062.83,7
14456,3062.4,9
17799,3055.93,10
16940,3049.88,3
16393,3046.21,13
16709,3029.87,5
12598,3023.08,8
12395,3018.63,12
18094,3017.3,7
12754,3010.74,3
12916,3006.15,4
15521,3000.2,8
17659,2999.46,12
17504,2997.0299999999997,9
12670,2996.05,5
14307,2995.72,6
15687,2993.1,9
14639,2984.49,6
13451,2976.15,5
14032,2975.59,11
15854,2974.65,12
16497,2965.69,6
17924,2962.5,7
14868,2953.59,8
17084,2949.75,2
17444,2940.04,3
16316,2938.91,8
14530,2925.91,6
17512,2924.9900000000002,10
15606,2920.16,9
12906,2919.81,5
14112,2915.15,7
12438,2906.85,2
17644,2895.64,11
18144,2888.75,12
12408,2888.55,5
13735,2885.2400000000002,4
16633,2883.1,6
15673,2881.02,4
14251,2879.7000000000003,5
17728,2876.01,3
14005,2874.72,5
15628,2870.2400000000002,9
14711,2868.8,11
13901,2867.2,5
14535,2864.19,3
12685,2863.08,6
18145,2861.55,4
16928,2847.6,17
15984,2837.67,10
14852,2836.69,6
14572,2832.84,7
17596,2827.93,7
14842,2824.69,4
13174,2817.03,3
16871,2812.34,6
12356,2811.43,3
14903,2810.63,5
18230,2810.2000000000003,7
13230,2806.97,14
16081,2806.9,5
16764,2799.25,13
15993,2797.57,7
13769,2796.51,10
12578,2794.51,2
12758,2791.59,2
17739,2791.35,7
14626,2791.27,4
17213,2781.23,7
12388,2780.66,6
14121,2780.15,4
17838,2779.3,5
13870,2770.94,8
15356,2766.5,10
15114,2760.56,10
14854,2759.83,7
13971,2758.26,8
15321,2748.31,3
12669,2744.0299999999997,3
14808,2741.17,8
14125,2740.43,3
15696,2736.46,8
16938,2736.38,4
16003,2735.37,5
12840,2726.77,4
12380,2724.81,4
12708,2712.91,10
15796,2711.56,8
17069,2709.7000000000003,9
13285,2709.12,4
13654,2707.33,6
14107,2703.23,7
14732,2702.4900000000002,8
18097,2697.8,6
17386,2686.42,6
12625,2683.82,2
17346,2676.56,15
13883,2674.48,5
14713,2666.36,11
12360,2662.06,3
14439,2661.24,1
15671,2657.13,7
12721,2656.13,6
13851,2651.46,3
16618,2647.59,5
18260,2643.2000000000003,6
13658,2639.17,5
17655,2638.94,7
15752,2637.38,7
13804,2635.79,7
13771,2634.45,4
12520,2634.26,5
17402,2633.85,13
18077,2633.0099999999998,11
13422,2626.3,1
13644,2624.26,4
17965,2622.57,14
18210,2621.38,6
16255,2619.91,8
14262,2618.23,8
13021,2616.38,9
15782,2614.7400000000002,3
14397,2612.96,19
12836,2612.86,4
18075,2611.75,10
12726,2609.1,7
16241,2607.87,13
13136,2607.61,5
14408,2606.53,7
13983,2603.43,12
17317,2600.34,3
12600,2599.04,10
16919,2596.45,11
13895,2593.07,4
14243,2588.77,10
15033,2586.67,10
13911,2580.91,9
14546,2578.09,5
16912,2575.38,11
15485,2575.0,3
18245,2567.06,7
16308,2560.0,4
15572,2552.86,7
14334,2552.21,8
14701,2549.37,9
14676,2548.2400000000002,6
13344,2543.72,3
14776,2538.3,11
17700,2534.64,4
13471,2531.58,4
14659,2529.93,9
17314,2527.92,8
13975,2526.28,6
17449,2520.86,7
13394,2520.02,8
15245,2515.84,3
15271,2507.07,15
12352,2506.04,8
13695,2504.13,15
12517,2502.84,5
15932,2495.87,8
16477,2494.46,7
12483,2484.98,8
12913,2483.63,5
16710,2483.04,10
14315,2481.13,6
13507,2479.16,4
13588,2478.95,9
17682,2474.33,6
17188,2474.23,7
14766,2473.37,6
14502,2470.67,11
17164,2467.35,7
12455,2466.86,6
15750,2465.48,8
17131,2463.17,5
13784,2462.79,11
15674,2446.6,5
14163,2445.91,4
15527,2429.78,8
17071,2429.03,9
13949,2427.32,6
16143,2424.94,6
17722,2424.04,4
15089,2420.84,6
15373,2415.91,12
12397,2409.9,2
17589,2404.17,4
15980,2398.86,3
18065,2392.83,14
13141,2388.75,5
15370,2386.05,7
17530,2385.0,10
14493,2383.2400000000002,5
14554,2381.04,4
14239,2380.85,11
15270,2379.49,7
13722,2375.41,3
17434,2373.82,7
14930,2372.86,3
13908,2369.55,4
15755,2364.25,6
12457,2363.23,7
17634,2361.9700000000003,9
14030,2360.09,8
14440,2357.6800000000003,5
15140,2354.25,7
14309,2352.53,9
12704,2340.84,8
18259,2338.6000000000004,3
12584,2338.15,9
18257,2337.63,8
17954,2332.72,12
15281,2332.15,9
12782,2330.92,5
15785,2328.9700000000003,5
17313,2328.84,1
17744,2322.4,6
17211,2317.2200000000003,8
14290,2314.65,5
15365,2314.32,7
13994,2313.14,6
13704,2308.06,9
15288,2306.52,5
16735,2300.56,5
16550,2298.97,5
15105,2298.93,7
13115,2294.78,4
15704,2293.62,4
12615,2291.19,4
13527,2287.51,7
17696,2285.71,8
12684,2283.63,7
16782,2279.9,13
13317,2273.68,6
17768,2273.1800000000003,3
14466,2272.4,7
13700,2265.12,10
16057,2263.12,7
16209,2262.62,5
14432,2255.51,6
16293,2248.9900000000002,10
17442,2248.56,6
15235,2247.51,12
16771,2246.81,5
15665,2242.01,2
14211,2241.1,9
16743,2238.09,7
14560,2237.77,22
14700,2235.3,3
16076,2234.73,10
15834,2233.75,4
18242,2232.4900000000002,4
14226,2232.19,5
14825,2226.91,12
17591,2225.9700000000003,7
12783,2225.91,6
13365,2225.37,2
15722,2222.56,5
15811,2218.62,6
12876,2218.02,2
12653,2209.85,2
13862,2209.36,8
15797,2207.4,4
15179,2206.95,5
13831,2202.99,6
17406,2200.42,3
15123,2199.31,2
16628,2188.05,5
15394,2183.54,4
14341,2182.28,8
12856,2179.93,6
12909,2178.67,5
12501,2169.39,1
12633,2163.98,4
13755,2161.35,9
12935,2160.7,7
16456,2158.37,5
14407,2157.73,6
16379,2157.4,4
13224,2155.95,2
16966,2154.97,7
17272,2148.63,4
14828,2139.76,3
12560,2134.01,3
17400,2129.96,5
13517,2128.42,3
14360,2128.23,4
16407,2126.93,10
14640,2125.08,6
15058,2124.9900000000002,11
13632,2121.27,5
18061,2119.41,10
18008,2116.19,9
14691,2114.33,5
13265,2107.66,5
18173,2106.84,4
18093,2106.52,4
14461,2103.06,3
14515,2102.09,6
17861,2100.8,8
15815,2100.6,5
13126,2099.64,8
12610,2099.54,5
16875,2095.53,5
17191,2095.13,7
18283,2094.88,16
14306,2093.32,2
17490,2092.32,7
13571,2092.32,12
13297,2089.85,4
18044,2088.6,10
14810,2087.88,11
16954,2085.08,9
18231,2083.27,5
14696,2078.95,7
14209,2073.43,6
18241,2073.09,17
18219,2069.77,10
14482,2068.15,6
12948,2064.95,7
12928,2062.7000000000003,5
16281,2062.06,1
14409,2059.4500000000003,6
12518,2056.89,5
17667,2055.51,5
14188,2054.36,6
16150,2053.02,5
17086,2050.08,6
17612,2048.45,6
14232,2048.07,5
17625,2047.0,4
13495,2044.8700000000001,5
17597,2044.3700000000001,1
17090,2043.95,7
13450,2043.7199999999998,6
14001,2043.0800000000002,3
12585,2040.1,2
13593,2037.0800000000002,5
18069,2036.67,5
17846,2033.1,1
13630,2031.78,7
16409,2028.88,5
17337,2027.8700000000001,4
16358,2027.5,4
14544,2024.45,2
15341,2020.52,1
14506,2012.17,5
15531,2007.44,2
15372,2007.3999999999999,1
16098,2005.63,7
14730,2005.06,8
14217,2004.98,17
14462,2004.02,11
17082,2003.85,2
16754,2002.4,1
15493,2001.8,5
18188,2001.04,3
13305,2000.86,10
16698,1998.0,2
17827,1995.46,5
18204,1993.7,3
17679,1992.1100000000001,2
17088,1991.01,4
13246,1987.3,6
13590,1981.92,6
13725,1980.56,8
17422,1979.37,6
16341,1971.87,4
17997,1970.6699999999998,8
12674,1970.6,4
17790,1965.55,14
17218,1960.72,10
15351,1960.1100000000001,7
14498,1957.32,5
12853,1957.1000000000001,6
17554,1952.45,5
14533,1949.72,7
14653,1947.55,7
15814,1945.33,4
15518,1942.45,8
14418,1937.25,3
14472,1936.84,8
15864,1936.3200000000002,6
15157,1936.07,3
12528,1933.48,6
14655,1932.23,4
14978,1931.42,5
16983,1931.25,7
13094,1927.3200000000002,12
16942,1920.59,9
15021,1914.82,9
17368,1912.67,8
14285,1910.01,4
16426,1908.25,10
17228,1906.09,8
14210,1905.8400000000001,6
15819,1905.45,4
14250,1904.05,3
12762,1898.52,2
17463,1896.41,5
17870,1894.35,12
14934,1890.94,2
12371,1887.96,2
15641,1887.2,4
16170,1885.05,6
13890,1883.8100000000002,10
16128,1880.22,5
17738,1879.05,4
15367,1877.59,4
17293,1875.1100000000001,9
16986,1873.2,2
13982,1871.81,4
16474,1871.5,7
17469,1870.97,5
16841,1869.82,6
14524,1867.68,9
17787,1865.19,4
16201,1863.47,4
14887,1862.0,1
12423,1859.31,8
17873,1859.16,5
14305,1858.96,3
12963,1856.63,8
16979,1852.0,6
13421,1851.08,2
12383,1850.56,5
12381,1845.31,5
17519,1844.02,6
18180,1843.75,6
12950,1843.0,3
17015,1842.56,3
16102,1842.14,3
16455,1841.18,7
14113,1840.42,4
14216,1839.3,4
13924,1838.8500000000001,6
14459,1837.92,1
18287,1837.28,3
13650,1836.34,6
15827,1836.0900000000001,14
13048,1835.91,4
14665,1835.7,5
16152,1829.04,1
15203,1827.8,6
18122,1826.21,6
17702,1824.37,4
16153,1824.23,5
17705,1823.52,9
16169,1822.97,4
17828,1820.09,4
17629,1814.12,8
15260,1810.77,7
13481,1804.56,5
17663,1802.91,7
15812,1801.14,5
16249,1800.07,5
13562,1799.33,3
13196,1797.78,4
17750,1797.57,9
17648,1797.5,4
12348,1797.24,4
18235,1796.48,3
13134,1793.58,4
18179,1793.17,6
13510,1791.56,4
16719,1790.42,7
12523,1789.77,11
14215,1789.72,6
14621,1788.3600000000001,5
13875,1786.79,5
14608,1785.15,4
14935,1784.71,1
15050,1782.09,3
16380,1780.59,1
15220,1778.96,6
17092,1777.78,4
12645,1775.18,4
17754,1772.26,5
15594,1771.78,5
15473,1771.2,7
17813,1770.8799999999999,5
14387,1770.56,3
16681,1770.34,6
13456,1766.72,6
15950,1765.51,4
16751,1764.72,1
12424,1760.96,2
12823,1759.5,5
12349,1757.55,1
15241,1756.44,8
16359,1750.92,9
13564,1749.02,3
13808,1747.66,5
15067,1744.76,3
13157,1741.22,4
14595,1740.6,6
17930,1740.48,5
17353,1740.0,2
17457,1737.7,5
14673,1736.4,5
17043,1735.18,4
16791,1721.78,7
17451,1721.4,7
14834,1720.3,6
15267,1717.36,5
17162,1715.46,10
13763,1714.96,1
17147,1714.59,4
14441,1712.89,4
12405,1710.39,1
15947,1708.24,1
12407,1708.1200000000001,5
16902,1706.88,1
15240,1706.57,5
16398,1705.8,2
17282,1703.41,3
12843,1702.26,8
16007,1701.94,4
13184,1701.29,10
17193,1699.3000000000002,7
13824,1698.94,5
16775,1695.66,11
12764,1693.88,1
14245,1693.45,2
15549,1693.26,3
16813,1692.98,10
16671,1692.27,3
15380,1690.2600000000002,5
17152,1689.5,3
12635,1689.18,2
13162,1688.29,4
13577,1687.6000000000001,4
16638,1680.72,10
13647,1678.1200000000001,4
13149,1676.06,4
17656,1674.69,5
16115,1667.97,8
12912,1662.3,5
12530,1662.28,4
13012,1661.8400000000001,8
15214,1661.44,8
15024,1661.33,10
15332,1661.06,4
12967,1660.9,2
14045,1659.75,4
15953,1659.3799999999999,8
15826,1654.31,3
14573,1653.42,9
17284,1652.58,6
16711,1651.03,5
14837,1649.5,4
13750,1647.26,5
12657,1643.18,4
15002,1641.76,4
13627,1638.47,5
12398,1635.6599999999999,1
15122,1633.78,3
14164,1631.77,2
17673,1629.12,6
12377,1628.12,2
16515,1627.13,5
14759,1625.97,3
16987,1625.05,7
13425,1624.21,3
15172,1624.05,5
14937,1621.88,3
17101,1621.73,4
14178,1620.93,7
16801,1619.73,4
18161,1618.69,5
14336,1614.91,4
16992,1614.31,5
15791,1612.69,2
14312,1611.59,6
13614,1610.46,4
14918,1610.15,2
12868,1607.0600000000002,6
16817,1604.75,9
12947,1603.99,6
16466,1603.46,7
14719,1602.13,5
14587,1601.14,9
15660,1600.86,9
16496,1599.52,3
13850,1595.48,1
17837,1593.38,8
16332,1593.2,7
16676,1592.1200000000001,4
14970,1592.06,4
15611,1591.45,13
18178,1590.81,4
14442,1589.82,2
12393,1582.6000000000001,4
15532,1580.93,4
12607,1579.51,1
13814,1579.12,2
16889,1578.67,3
13186,1575.89,3
13634,1575.16,5
13659,1573.2,2
17671,1572.71,4
16283,1570.81,5
12865,1568.23,2
15906,1567.69,7
15111,1567.48,3
17085,1566.65,5
17204,1564.56,4
18239,1561.6100000000001,5
14038,1560.38,3
16394,1555.34,5
13313,1555.32,5
16369,1553.66,3
15620,1553.18,3
15117,1551.78,5
13320,1548.7,4
14229,1547.2,3
14704,1546.91,9
16790,1545.6200000000001,6
13397,1544.13,5
15701,1542.14,4
12818,1542.08,1
16365,1540.42,9
17159,1538.88,3
13849,1537.95,2
12877,1535.77,12
15392,1535.53,4
15625,1534.26,4
13107,1531.6200000000001,4
12759,1531.44,3
14321,1530.75,5
14567,1530.3600000000001,2
15916,1528.09,8
16244,1522.75,2
16434,1522.25,7
16066,1521.87,5
13764,1521.76,3
13213,1520.58,5
16880,1519.08,7
14267,1516.24,3
13791,1516.0,2
16748,1515.9,5
16053,1511.95,2
16910,1510.06,8
16279,1509.58,3
16016,1508.76,8
15265,1506.1200000000001,2
12937,1504.27,4
15530,1502.35,4
16762,1501.38,3
13810,1499.01,3
17571,1498.51,4
14414,1496.98,7
16755,1496.83,3
17002,1493.73,3
15057,1489.5,2
13110,1488.67,7
13692,1488.32,3
14963,1487.8,5
17553,1487.6,1
16395,1486.9,5
14878,1485.54,9
14758,1484.06,4
18016,1483.56,5
15427,1483.14,3
17590,1479.22,3
14403,1475.81,4
15983,1475.02,4
12826,1474.72,7
14404,1474.32,6
14246,1474.06,3
15128,1471.0,4
16348,1469.45,7
14875,1465.3200000000002,2
12882,1463.04,2
14233,1462.72,4
14541,1461.65,8
17063,1461.14,7
16059,1459.8600000000001,6
16996,1456.96,6
13309,1456.79,5
13477,1454.58,6
15987,1451.28,7
14740,1448.21,3
15426,1447.39,5
14591,1447.14,4
17073,1446.09,4
13717,1445.01,6
13461,1445.0,3
17175,1443.69,4
15478,1441.42,2
15858,1438.85,5
14071,1438.82,8
13159,1437.85,4
14566,1432.0,1
16503,1431.93,4
13475,1431.78,4
16103,1429.64,6
16271,1429.24,5
14035,1428.02,5
15681,1426.16,5
15106,1422.52,5
16463,1422.4,4
16571,1421.69,3
14019,1421.61,3
14901,1421.29,9
14443,1420.2,4
17288,1419.73,7
16173,1418.32,6
15444,1418.26,2
18116,1418.03,8
17856,1418.03,4
14649,1417.29,4
14748,1415.75,5
16012,1415.29,3
16245,1413.66,3
17004,1412.94,2
15237,1412.32,4
15596,1406.59,5
17083,1405.78,3
15563,1400.44,4
14741,1400.34,6
18202,1396.99,3
13995,1393.69,5
17354,1393.06,1
15810,1391.98,4
15051,1391.61,3
13414,1390.5,3
13516,1389.41,3
15898,1388.88,5
16539,1388.81,4
15453,1388.37,7
15134,1387.99,8
12952,1387.79,4
17676,1387.68,6
12775,1386.04,5
13308,1385.51,3
18167,1384.8600000000001,3
17311,1384.85,2
13572,1384.25,1
14507,1383.18,6
14116,1382.74,5
16389,1382.07,4
16726,1382.02,5
17621,1379.9,3
12886,1378.4,2
15569,1375.71,5
16669,1374.8700000000001,3
14434,1372.8,6
15095,1370.6,4
13813,1366.8600000000001,4
14897,1366.38,4
13396,1360.99,2
14102,1360.28,5
15411,1358.88,4
13232,1357.6,7
17054,1356.33,5
14859,1353.74,4
14064,1353.74,5
15116,1352.75,4
16079,1352.0,3
16493,1351.63,4
12770,1351.45,1
12646,1346.97,2
14154,1345.62,2
15398,1345.53,2
12463,1344.78,4
17372,1342.68,8
16317,1341.65,3
13743,1341.6,7
18177,1341.42,6
16045,1340.7,4
13501,1340.32,1
15734,1339.45,2
12620,1339.41,3
15059,1337.72,9
16110,1337.48,3
12919,1335.19,6
15680,1333.68,3
17932,1331.57,3
12676,1331.39,6
16295,1328.55,4
15146,1327.16,2
17633,1324.84,4
12854,1324.5,3
17095,1324.16,3
16370,1320.56,4
14794,1319.91,7
13168,1319.19,4
16083,1317.62,2
12526,1316.66,3
14921,1316.07,2
12576,1315.83,5
14511,1314.81,5
16464,1314.68,3
14973,1314.45,3
14738,1314.45,7
16040,1313.55,3
12364,1313.1,4
12516,1312.06,2
14856,1311.3799999999999,3
14477,1309.6,4
16120,1309.14,4
14047,1308.6100000000001,5
13328,1308.48,1
14297,1305.33,4
12507,1304.81,3
16744,1304.76,7
17919,1304.04,1
15813,1303.9099999999999,2
14898,1303.52,6
15108,1300.25,4
15494,1299.23,2
12488,1298.66,3
12372,1298.04,3
15602,1297.8700000000001,9
17961,1296.44,39
16929,1295.39,7
16224,1295.3,4
15621,1293.03,4
16101,1290.7,1
15171,1289.5,1
15136,1286.7,4
16949,1286.27,6
17350,1286.07,4
17802,1285.04,3
16899,1281.56,6
13878,1281.53,1
13538,1280.85,7
16951,1277.75,3
16692,1276.0,2
17019,1272.61,4
12394,1272.48,2
12630,1270.88,2
14669,1269.99,3
13492,1269.84,3
13431,1269.1,2
14916,1268.98,4
15199,1268.7,4
16660,1267.6499999999999,4
17037,1267.32,1
17158,1266.97,3
14105,1266.23,1
13989,1266.08,2
16842,1264.19,3
15497,1262.2,2
15009,1261.78,3
16688,1260.86,4
17388,1259.56,4
17412,1258.06,7
13151,1257.8700000000001,1
14931,1257.68,5
16639,1257.51,3
17481,1255.59,4
13848,1255.0,3
17262,1253.3600000000001,5
14698,1250.76,5
14383,1247.69,3
12689,1247.61,2
13029,1247.5,3
15004,1246.32,1
12494,1246.1000000000001,7
13860,1245.9,5
14428,1244.83,5
16531,1244.59,7
17584,1242.3,2
17588,1240.2,3
17731,1240.11,4
12985,1239.38,2
13476,1238.47,2
14893,1237.8500000000001,2
13931,1237.53,2
15201,1236.54,5
14684,1236.28,5
15376,1233.3600000000001,3
15910,1232.18,8
18080,1231.5,2
18171,1231.31,5
14913,1227.43,4
12997,1226.89,4
12412,1226.88,3
17774,1225.41,4
15841,1224.06,4
13208,1223.9,6
16794,1222.71,10
14745,1220.26,5
15227,1219.4,5
13491,1215.82,10
17410,1214.72,5
13055,1214.41,3
18263,1213.1599999999999,3
13918,1212.8400000000001,2
16653,1212.66,2
12464,1212.05,8
17653,1207.56,4
15737,1205.1200000000001,8
16800,1201.49,1
13158,1201.06,4
17320,1200.6200000000001,3
17800,1199.01,9
15605,1198.23,5
13118,1197.81,5
13211,1197.42,3
16042,1197.27,5
17867,1197.1000000000001,6
14487,1196.33,6
17720,1195.94,4
17526,1195.8999999999999,4
15145,1194.73,4
12611,1193.32,1
13882,1191.13,5
12462,1189.59,2
16612,1187.66,4
15630,1186.35,2
13752,1186.28,6
17058,1179.89,3
16950,1178.56,3
12885,1175.22,3
12640,1174.58,3
15306,1174.35,3
14857,1173.12,2
13611,1171.8,3
18168,1169.94,6
12358,1168.06,2
13500,1166.77,3
14737,1164.55,3
14261,1163.45,2
14447,1163.23,5
16714,1161.53,3
12546,1161.5,2
15088,1160.07,2
17348,1159.52,5
13499,1159.11,5
16184,1158.79,6
14723,1158.3,6
13744,1156.36,2
16637,1154.47,4
16062,1153.62,4
12710,1149.02,3
17505,1145.84,2
16766,1145.6,2
12769,1143.6,1
17770,1143.27,5
18125,1142.99,4
15985,1142.42,2
16270,1141.24,1
13330,1140.93,3
13819,1140.35,3
16172,1140.21,5
17135,1139.73,7
17500,1138.0,3
17302,1135.63,5
17242,1135.04,2
15489,1134.28,3
16989,1133.25,6
17585,1133.07,4
13282,1132.14,3
13772,1132.13,3
13310,1132.03,3
13610,1131.88,7
15500,1131.56,4
13447,1129.14,3
14824,1127.71,4
12609,1126.85,3
14708,1126.37,3
17470,1125.07,5
14129,1123.8600000000001,5
15436,1122.53,3
13486,1122.41,3
17562,1122.38,7
16807,1121.59,3
16086,1121.39,5
15730,1120.88,3
17894,1119.81,8
14276,1119.74,3
13064,1119.49,4
12842,1118.99,2
15716,1118.81,4
17788,1117.9,2
13591,1117.13,3
14971,1116.57,3
16350,1116.47,4
12679,1113.02,4
17609,1112.22,5
16049,1111.79,3
14161,1110.52,3
14817,1110.34,2
15069,1109.53,1
12399,1108.65,4
15933,1107.46,3
16833,1106.53,4
12857,1106.4,2
14410,1105.07,9
14948,1101.97,6
17047,1100.9,3
14744,1099.98,7
15978,1098.78,1
13104,1098.48,6
17966,1098.43,5
16225,1096.32,5
16533,1095.56,3
13652,1095.08,3
15745,1094.59,4
15608,1093.68,4
13521,1093.65,3
18189,1090.24,2
13853,1090.14,1
12534,1089.18,1
15763,1086.92,2
13467,1083.71,2
17041,1081.57,3
14561,1080.76,3
16200,1080.6200000000001,2
13726,1079.6599999999999,2
15197,1079.6100000000001,3
12354,1079.4,1
13715,1079.34,5
14352,1078.96,4
16980,1078.96,2
16094,1078.23,4
16563,1077.74,1
13131,1073.3,3
15712,1072.3600000000001,5
15238,1071.99,3
13635,1071.03,1
17522,1070.71,5
13761,1070.65,2
14212,1070.48,1
17214,1069.1200000000001,6
16918,1068.82,6
15027,1066.1499999999999,4
17277,1065.3500000000001,2
14488,1064.28,1
17287,1064.11,7
12951,1064.07,6
15801,1063.95,3
12936,1063.9,4
12815,1063.46,2
14411,1063.0,1
16214,1062.75,3
15996,1060.68,6
15706,1060.56,4
17727,1060.25,1
18130,1059.39,3
14465,1058.6200000000001,3
13455,1058.34,2
14419,1058.06,6
15407,1056.44,4
14514,1055.35,3
15977,1054.73,2
16728,1054.67,4
12716,1053.49,2
14583,1052.55,5
16416,1051.4,3
12849,1050.8899999999999,2
14224,1050.12,4
15329,1049.7,3
14078,1049.37,6
15464,1048.85,1
15839,1048.49,3
15777,1047.11,4
16520,1046.57,3
14293,1046.56,4
17042,1044.3799999999999,5
15192,1044.32,3
14389,1043.46,2
15073,1043.41,3
12497,1043.1,1
14584,1042.26,4
13719,1041.68,5
18221,1041.61,5
15434,1041.48,5
14446,1039.58,4
16320,1038.46,2
16175,1037.59,4
12691,1035.8,6
16260,1035.45,1
13639,1033.34,1
17724,1033.0,3
12599,1032.58,7
17405,1031.41,3
12724,1031.41,4
13235,1031.07,1
12717,1030.98,2
13253,1030.4,2
17033,1030.14,3
15333,1028.56,1
16682,1028.0,5
15104,1027.44,2
13956,1026.42,5
14904,1025.44,2
16160,1025.44,2
15658,1024.1000000000001,5
17096,1022.13,4
14346,1021.58,2
13165,1021.48,2
12572,1020.42,2
13376,1019.76,3
18142,1019.52,2
12828,1018.71,6
14083,1018.43,9
12514,1017.68,1
13728,1016.14,6
13867,1015.29,3
12642,1013.26,3
12739,1013.04,2
17197,1013.01,1
14195,1012.0,2
14775,1011.9,3
16229,1010.6,2
13032,1010.18,2
16572,1009.6,3
16174,1009.5500000000001,3
17951,1008.5400000000001,3
17646,1008.39,3
14631,1006.98,3
13429,1006.8,4
17126,1004.75,5
14214,1004.38,5
13410,1003.06,5
12446,1002.3100000000001,1
12545,1000.39,2
15508,1000.27,6
18143,1000.16,2
12722,997.63,4
14540,996.26,3
15110,996.1,4
17594,993.18,2
16009,992.71,4
13363,992.5,2
14223,991.13,3
16232,990.88,4
17324,990.23,4
15062,987.86,4
18237,987.1,5
16376,987.01,2
13117,984.91,8
17144,984.57,2
12510,982.5699999999999,2
15133,982.42,3
14138,982.3800000000001,2
15071,982.07,2
16188,981.86,4
16907,981.65,5
16085,981.51,5
12541,981.18,3
18170,980.31,3
13509,979.72,7
15506,979.26,3
13350,979.12,2
15132,977.9300000000001,5
14920,977.77,2
15860,977.21,8
13026,975.36,5
14522,974.54,4
15449,974.52,3
12994,974.4200000000001,3
15747,974.04,3
18194,973.8399999999999,1
16419,972.23,6
13155,971.76,4
17100,971.74,2
17618,971.58,3
14256,969.0600000000001,2
15907,967.45,3
15793,965.61,3
12550,964.83,1
13138,962.39,6
14006,962.19,3
15156,961.49,3
14629,959.01,2
18192,957.97,1
13823,957.66,2
12697,957.59,3
15948,955.24,2
17244,954.9,1
17097,954.42,8
15835,954.09,4
16934,950.9300000000001,2
15421,950.36,4
16511,950.26,3
13636,949.12,5
12822,948.88,2
17044,948.48,1
13748,948.25,5
15787,948.05,3
12458,947.4,2
15707,945.58,4
17289,944.41,3
13261,944.1,2
12820,942.34,4
14075,942.26,3
15576,940.6700000000001,1
15289,939.78,3
17527,939.37,4
17227,939.32,6
16584,936.08,2
14140,935.05,2
16027,934.62,6
14081,934.52,2
12924,933.7,4
16657,933.62,4
13655,932.97,2
14532,932.85,4
18133,931.4999999999999,1
17552,930.41,4
14475,925.85,3
14231,925.71,3
17048,925.35,3
15312,924.85,4
13805,924.6,2
15654,922.53,2
13122,922.39,2
16551,922.12,3
13934,922.1,1
13035,921.88,2
17323,921.07,7
13984,920.51,5
17018,920.1,2
12652,919.98,1
13075,919.61,1
13549,918.2,7
15253,918.1999999999999,5
14015,917.34,1
14712,917.07,3
17236,916.13,6
14141,915.13,4
16216,914.9300000000001,1
16809,914.69,5
15587,913.6800000000001,4
12940,913.54,2
15364,913.19,2
14359,912.18,3
13782,912.0,6
13192,911.94,2
14289,911.26,6
18096,911.15,3
13689,910.0,1
15511,909.23,5
13038,908.46,3
14449,907.1,4
15480,905.5,1
15022,905.04,4
15807,903.9,3
17566,901.21,2
16716,901.2,2
17848,901.1999999999999,9
14625,899.63,2
17886,899.61,3
13662,897.76,3
17537,897.62,2
16361,896.66,4
15079,895.61,4
15865,895.13,3
15211,894.4100000000001,2
15066,893.59,1
12772,892.47,1
13515,891.12,4
15255,890.85,1
14240,890.34,2
17027,890.29,6
17007,889.9300000000001,6
14344,889.9300000000001,8
14623,889.25,5
17829,889.24,1
16347,887.65,2
16900,887.11,3
15822,885.47,2
17704,885.19,2
17109,885.04,6
15799,884.14,3
14597,883.15,2
18236,882.24,6
13037,881.07,3
15076,880.85,1
15653,877.4399999999999,2
14770,876.42,2
15100,876.0,3
13566,874.71,2
16513,874.59,4
13294,873.74,2
12847,871.54,1
15208,870.12,5
13200,870.09,4
13979,869.87,1
12694,869.67,2
13203,869.46,4
17649,868.49,1
14912,867.85,2
14715,867.38,4
16235,867.31,5
16121,867.11,2
14332,866.31,3
16567,865.6,2
13846,865.0600000000001,3
16221,864.86,3
12680,862.81,4
16266,861.89,7
12794,860.41,2
13339,860.12,1
14577,859.71,4
17064,859.35,3
14553,859.27,5
16163,856.6,2
13991,855.97,6
12693,855.91,4
16037,855.02,3
12878,854.99,2
17560,854.95,4
16877,853.72,6
14193,853.39,2
12379,852.24,2
16070,852.15,2
16020,851.01,3
12713,848.55,1
14657,848.22,4
13221,847.41,2
16924,846.75,3
16222,846.72,1
15965,845.64,4
14803,845.55,3
17624,843.48,2
15164,843.05,3
17929,843.0,4
13929,842.65,2
16108,842.5,1
16560,841.41,2
14862,841.1999999999999,2
17076,841.0799999999999,3
13940,839.14,4
17115,837.5,3
16554,837.1,3
15832,836.79,1
12728,836.33,4
16747,836.06,2
17169,835.78,2
17759,834.99,3
13835,834.57,4
17075,834.12,4
16644,833.78,2
15862,832.88,4
14644,830.76,2
13681,827.83,4
12461,826.88,2
12781,826.74,2
16494,826.53,1
17921,826.52,4
15525,825.92,3
12427,825.8,3
16869,825.42,4
16284,823.97,2
16164,822.48,3
12778,822.23,6
13893,821.1,1
13220,819.2900000000001,4
17764,818.8199999999999,2
16092,817.86,3
16943,816.73,3
15649,816.0,2
15399,815.77,3
14499,815.32,3
13280,814.86,3
16460,814.72,3
13811,814.5,3
18064,814.0,2
16600,813.52,6
16621,813.48,4
14421,813.11,2
15644,813.0,4
17980,811.45,3
16276,810.6000000000001,1
16624,810.5699999999999,2
13637,810.5,3
16891,809.7,5
17114,808.62,8
15533,807.57,3
12421,807.04,4
15952,806.57,4
13707,806.41,2
12434,806.14,2
16367,804.49,2
18248,804.02,2
12422,803.5600000000001,3
15831,801.76,3
18265,801.51,2
16806,801.49,4
15561,800.59,4
17905,800.24,4
13720,799.9,4
13030,799.48,2
17703,798.74,3
16438,798.35,5
13389,797.96,3
12701,797.71,2
17180,796.03,4
13336,795.12,1
15990,792.11,2
13167,791.33,4
14976,790.86,7
13016,789.89,3
16759,789.79,3
13329,789.0,2
14557,788.38,1
13212,788.08,3
13323,787.85,5
13884,787.6,5
16546,787.15,2
13109,786.54,2
12628,786.46,3
15806,784.58,3
15743,784.46,4
18136,784.33,3
17387,784.11,2
16054,783.9,1
17006,781.78,4
17341,781.36,3
15679,781.28,4
13583,781.03,1
16725,781.02,7
15239,780.59,2
17797,780.43,3
18228,779.9,2
12735,779.5699999999999,2
17411,778.94,3
13375,778.65,1
14815,778.5,2
17414,778.0,2
16505,777.6,1
13563,777.53,2
12425,777.2,1
15353,777.02,2
15618,776.851,4
13314,775.94,3
13341,775.85,1
14234,775.46,4
16825,775.1800000000001,2
15414,774.9000000000001,3
16043,773.99,4
15075,773.03,1
12965,771.91,1
17409,771.85,2
14662,771.17,4
16770,770.1,5
14412,770.03,2
16480,769.29,1
13356,768.24,1
17516,768.08,5
14550,765.62,2
14672,765.55,2
17695,765.34,2
14885,765.3199999999999,1
17268,763.64,4
17466,763.28,2
16470,762.39,4
15599,761.74,2
14883,761.59,6
16205,761.38,4
17425,759.17,2
16036,758.92,2
15568,758.29,3
12413,758.1,3
17979,757.71,4
17461,757.46,3
15223,755.75,2
13370,754.87,1
18104,754.64,1
13730,752.6,2
16256,752.4300000000001,1
12908,750.0,2
17146,749.78,3
14923,749.1,1
15074,748.87,1
15656,748.5,4
16859,747.81,2
13623,747.78,5
14201,747.44,7
16261,746.83,4
14050,746.36,2
17034,745.52,3
14790,745.06,4
13950,745.06,4
13236,744.85,2
13354,743.53,1
16730,743.11,3
12374,742.9300000000001,1
12465,742.1899999999999,2
13753,741.26,1
13900,740.95,3
17692,740.9399999999999,4
17974,740.79,3
15252,740.78,2
12603,739.1999999999999,1
14756,738.96,1
12976,738.6,1
15045,735.66,2
15215,734.94,3
18156,734.94,2
16362,734.77,5
16146,734.13,3
17812,732.16,4
13575,732.0699999999999,5
13736,731.9,2
16099,731.9,3
16491,731.5,1
14778,730.86,2
18035,730.4,3
12468,729.5400000000001,2
13077,729.27,4
17666,728.16,2
17888,726.05,8
14869,725.7,2
14055,725.6400000000001,1
16140,725.18,2
15584,725.11,4
12723,725.07,5
15636,724.76,2
12475,723.38,1
17521,723.2099999999999,3
15272,721.94,2
18062,720.52,3
16023,719.81,3
14179,719.78,2
14725,718.08,1
17884,717.45,4
15274,716.57,2
12535,716.35,2
15400,716.2,5
17029,716.0,2
15330,714.96,2
15757,714.42,2
12616,713.3,2
13169,712.88,2
13147,712.8000000000001,4
17761,712.78,1
13416,712.5,2
13587,712.4,1
17642,712.29,2
15855,712.24,5
13705,711.86,3
17179,711.79,3
13249,711.41,3
17472,710.29,3
14867,710.28,3
14127,709.71,3
16136,709.38,3
15951,708.22,2
16449,707.69,2
12453,707.09,1
16364,707.04,2
16309,706.57,2
14880,706.19,3
14126,706.1300000000001,3
15038,705.49,6
16015,705.39,3
16882,705.12,3
17934,704.25,2
12612,704.0400000000001,1
12883,703.47,4
18082,703.37,1
15103,703.36,2
15574,702.25,4
16997,702.0,3
14198,701.4,4
14356,701.23,2
17321,700.86,2
13238,700.73,4
17734,700.63,3
15800,699.08,2
13258,698.58,3
17423,698.41,2
17796,697.9,4
15053,697.79,3
14829,697.55,4
13596,697.04,2
15700,696.68,2
17397,696.41,2
14009,695.61,2
14959,695.42,4
15304,694.4000000000001,8
12925,694.05,2
14643,693.8100000000001,2
12410,693.3299999999999,2
13601,693.32,2
14111,692.85,4
17198,692.22,3
17733,692.19,2
13838,691.73,4
16212,690.34,2
18085,689.95,2
13023,689.9,2
15181,689.4799999999999,3
18196,689.13,2
17502,689.1,4
13799,688.86,2
16642,688.33,2
12658,686.05,1
16122,684.4200000000001,4
16495,684.41,3
15669,684.34,4
12942,683.9,3
17874,683.46,6
14222,683.17,1
12838,683.13,2
15582,682.9100000000001,3
13548,682.41,2
18135,681.9100000000001,5
12478,680.99,1
13524,680.1800000000001,5
16872,680.02,3
15322,679.68,1
13430,679.45,2
14788,679.4399999999999,2
17994,678.49,4
13925,678.25,4
13607,678.01,1
13388,677.1,2
13040,676.99,2
16377,676.2,1
15626,675.8,2
17462,675.69,2
13325,675.3,1
16418,675.27,3
13355,674.7,1
13464,674.68,1
17749,674.52,2
13951,674.45,3
14504,673.26,4
18121,673.1,2
14628,671.96,2
17883,671.77,4
12638,671.69,1
17299,669.11,4
12418,668.58,1
14342,668.5600000000001,4
13741,668.4300000000001,3
16383,668.36,2
15031,668.14,4
18022,668.11,1
16268,667.65,2
15969,666.1,3
17777,665.86,3
17105,665.78,2
16056,664.85,1
13963,664.54,4
16208,664.26,2
15643,664.0,3
14720,663.81,3
13240,663.65,4
16573,663.61,2
14451,662.59,2
16014,662.38,3
18218,662.08,2
16774,661.52,4
13028,661.3199999999999,2
14603,660.0,1
15492,659.4599999999999,2
13518,659.4399999999999,1
13759,659.4100000000001,2
16357,658.88,3
14150,658.64,2
17779,658.57,3
16696,657.9000000000001,4
14818,657.8,3
12577,657.8,3
15648,657.35,2
17459,657.3,2
15677,657.23,1
16157,656.69,3
13049,656.6800000000001,2
16708,656.63,1
16127,656.25,1
14894,655.75,1
16444,654.67,4
14651,654.6,2
17398,653.38,3
18151,653.35,2
13496,653.33,2
15205,653.24,2
14044,652.82,4
14548,652.8,2
17523,652.74,4
14034,651.8199999999999,3
16734,650.51,3
15571,650.4300000000001,4
16469,650.43,4
16969,650.41,3
17373,646.92,4
12589,646.68,2
15651,646.3,3
17545,645.96,3
14855,645.65,2
12719,644.95,2
17312,644.3,3
16431,642.81,3
14020,642.8,2
13034,642.77,2
15384,642.41,2
17046,642.02,1
15297,641.94,3
12365,641.38,2
12624,641.13,2
13417,640.83,2
13318,640.76,3
12631,640.5,1
14301,640.14,1
15919,639.89,2
17515,639.02,4
18160,638.0600000000001,2
14754,638.05,2
14664,637.89,2
14128,637.5,2
14481,636.51,2
15829,636.14,2
15773,635.6800000000001,1
14000,635.66,1
16139,635.41,3
17985,634.95,1
13892,632.97,4
14220,632.4,2
16306,632.27,6
18183,632.07,2
13822,632.0,2
14021,631.9,3
15244,631.57,2
13539,631.34,3
17990,630.84,3
13046,629.31,2
13525,628.78,2
14687,628.38,1
16022,628.28,1
15028,627.13,4
13546,626.99,3
15402,626.77,2
14036,626.65,1
13914,626.45,2
14382,626.0699999999999,1
16750,623.93,5
16718,623.75,1
12649,623.51,3
15147,623.5,1
13368,623.4,2
15258,623.16,2
17499,622.88,1
15182,622.85,2
17460,622.4300000000001,6
15768,621.8299999999999,3
18217,621.75,2
16915,621.6800000000001,6
17640,621.66,1
14152,621.29,2
13402,621.23,2
16141,620.4,1
12667,620.13,1
14529,620.04,3
13493,618.63,2
16613,618.59,1
13145,618.52,4
12596,618.27,2
16134,618.09,2
13301,618.09,4
14593,617.99,3
14377,617.05,2
16442,616.79,3
16311,616.26,2
14905,616.15,2
16005,615.39,4
15275,615.14,1
16566,614.66,5
16116,612.78,1
12513,612.29,1
18149,612.0799999999999,3
15232,612.06,2
15645,612.01,1
16109,611.88,2
16763,611.85,1
13731,610.59,2
12673,610.52,2
15795,610.01,1
13357,609.95,1
14636,609.85,2
13933,608.7900000000001,2
12933,607.53,3
15573,607.45,2
17119,606.91,2
14710,606.13,4
17849,605.8000000000001,4
14133,605.64,3
13888,605.63,2
17507,605.58,2
13233,605.12,2
14323,605.0600000000001,2
13558,605.06,4
14675,604.75,1
17664,604.64,2
12944,604.51,2
16732,603.75,1
12556,603.71,2
12707,603.42,1
17259,603.37,2
15366,602.51,2
17890,602.09,2
12654,601.98,5
14609,601.56,4
16654,601.27,4
12420,600.39,1
18211,600.07,5
13243,600.07,1
12872,599.97,2
12521,599.68,1
14965,599.0,2
17420,598.83,3
14467,598.76,4
15720,598.73,1
13311,598.57,2
13959,598.2,3
16298,598.2,3
14108,597.91,2
17864,597.5,3
16788,597.48,2
14645,597.09,2
15381,596.85,2
18246,596.1,2
17658,595.42,2
14284,595.25,2
16325,594.24,3
12917,594.0,1
15442,594.0,1
16535,593.75,1
18232,592.97,4
16203,592.9,4
14692,591.55,4
13276,590.9300000000001,2
13270,590.0,1
13452,590.0,2
14882,589.7,2
18123,589.4399999999999,2
16723,589.15,2
16838,588.85,2
14338,588.22,2
15624,588.13,4
17351,587.15,3
17014,586.33,3
17360,585.79,3
12384,585.27,2
15222,585.0,1
16384,584.5,2
16072,584.3199999999999,1
14023,584.07,2
13557,584.06,2
15762,583.75,2
12426,582.73,1
13427,582.6,3
17970,582.59,1
12695,582.1,4
18095,580.0500000000001,2
16906,579.77,4
17142,579.0,1
13292,578.9399999999999,2
17540,578.9,2
12601,577.0600000000001,5
14176,576.9000000000001,4
16916,576.26,2
15830,576.0,1
15550,575.63,4
16345,575.41,1
13487,575.4,3
14167,574.84,4
14400,574.7,1
12784,574.42,2
15339,574.07,2
15303,574.02,1
12879,573.22,3
15415,572.8100000000001,1
13379,572.56,3
13405,572.451,3
12816,572.2,2
13816,571.6700000000001,2
17616,571.1999999999999,3
15821,570.96,2
15315,570.5,2
14592,570.46,3
16667,570.13,2
13939,568.55,3
13321,567.36,2
17897,566.6,3
18150,566.58,3
16278,566.38,1
13894,564.62,3
15344,563.94,3
16933,563.23,2
14753,563.15,1
17265,562.9,2
12414,562.41,3
12559,561.71,2
13946,561.5699999999999,3
15655,560.67,1
13044,560.47,1
14273,559.97,4
16275,559.87,1
18043,559.51,3
14177,559.41,4
12866,559.12,1
17503,558.96,2
12987,558.7,2
13800,558.32,1
13260,557.62,1
17955,557.3,4
17295,556.95,3
16385,555.89,3
14805,554.65,4
14891,554.38,2
14618,553.44,3
15068,553.36,2
12363,552.0,2
17674,551.04,2
17291,550.8000000000001,1
17235,550.06,2
12390,549.84,1
16340,549.07,1
16536,548.97,1
16031,548.94,2
14474,547.66,1
16811,547.07,2
17637,547.0600000000001,2
16211,547.02,1
17520,546.81,1
12743,546.43,2
14997,546.1999999999999,3
17806,546.04,1
12793,545.48,2
16475,544.3,4
13617,544.18,3
13390,544.08,1
16927,543.05,3
13278,542.73,1
16230,542.03,2
17447,541.53,2
17557,541.46,3
13874,540.45,1
13812,539.0,3
14496,538.8100000000001,2
15452,538.73,3
15469,538.55,2
15539,538.46,1
17062,538.37,4
17345,537.74,4
14539,537.48,2
16206,537.0600000000001,4
15043,537.0,1
16804,536.99,3
16233,536.6800000000001,3
15535,536.4,4
16142,535.34,1
12988,535.32,1
13000,534.85,3
13385,534.57,1
17443,534.24,1
13434,534.24,2
13217,533.98,3
15433,533.3,2
15756,532.96,4
15825,532.94,1
16706,531.35,3
14265,530.18,2
18159,530.15,1
14002,529.73,2
14463,529.62,3
16185,529.41,2
17631,528.33,3
16602,528.08,1
12479,527.2,1
17623,527.0500000000001,1
18252,526.67,2
16892,525.54,5
17290,525.24,2
17429,524.9200000000001,3
15467,524.88,3
15891,524.52,1
13721,524.14,1
17329,523.11,2
18017,523.0,3
17712,522.91,1
14871,522.38,4
12863,521.2,1
15149,520.8000000000001,1
14873,519.68,1
12571,519.61,2
13643,519.44,3
16955,518.67,4
16650,518.42,1
15030,518.28,2
16135,517.55,1
17454,517.53,4
18205,517.36,2
13043,516.42,1
15882,516.36,4
15809,515.77,5
12811,514.85,3
15246,514.15,2
13005,513.7,2
17513,513.2,1
17805,512.31,1
17480,511.82,1
12582,511.36,2
14851,511.35,2
16561,511.12,2
15406,510.71000000000004,2
12904,509.58,2
12436,509.01,1
16898,508.81,3
15417,508.8,1
17391,508.8,2
14317,508.58000000000004,1
17958,508.4599999999999,1
17415,507.84,1
14158,507.66,1
14820,507.29,4
15721,507.08,1
16960,507.05,3
13885,506.8,2
16614,506.19,1
14014,505.18,1
15081,504.8,5
12991,503.76,2
17630,503.59999999999997,2
16863,502.8,2
15006,502.09,1
13865,501.56,4
15881,501.39000000000004,5
13116,501.14,1
13247,501.12,4
16616,500.42,2
15389,500.0,1
14958,499.68,3
14077,499.41999999999996,5
15193,499.32,1
14681,498.95,3
16488,498.8,3
15142,498.74,1
17053,498.48,1
17298,498.42,2
16820,497.61,1
17495,497.56,2
16368,497.43,2
15300,496.44,1
15018,496.21000000000004,3
17374,495.77,2
15448,494.64,1
16352,494.44,2
17333,494.25,1
12763,494.08,2
15877,493.28,2
13176,492.84,1
14270,492.65000000000003,1
15507,492.36,1
13732,491.86,1
14236,490.86,2
15000,490.52,1
14416,490.22,2
18074,489.6,1
12809,489.31,1
17361,488.2,3
14396,487.99,2
15165,487.75,1
16643,487.51,1
13338,487.02,1
13675,486.82000000000005,2
17453,486.71999999999997,2
15287,486.69,2
13153,486.22,1
12639,486.1,1
15109,484.95,1
16999,484.82,2
16504,484.38,1
16518,484.32,2
14130,483.86,1
13531,483.8,2
12808,483.65000000000003,3
14147,483.4,2
17555,483.26,2
14450,483.25,3
16603,482.47,2
17950,482.2,3
12504,482.04999999999995,2
16693,482.01,2
18216,481.75,1
15091,480.71,1
16812,479.35,1
16008,478.78,3
15589,478.53000000000003,3
16768,478.09000000000003,3
12644,477.91,1
13092,477.83,5
14320,477.79,2
12447,476.49,1
18176,476.35,1
14853,475.8,2
14497,475.37,1
15780,475.28000000000003,3
15349,473.81,2
15557,473.65000000000003,1
16374,473.03000000000003,2
14013,473.02,3
16038,471.78000000000003,3
17964,471.7,2
16885,471.51,3
13066,470.8,2
15963,470.76,2
14431,470.36,1
15471,469.48,1
15026,469.0,3
14896,468.77000000000004,2
13171,468.41,3
14335,468.26,2
14029,467.66,2
15468,467.51,2
13579,467.04,2
14205,466.7,2
13248,465.68,2
15036,465.55,3
17140,465.32,1
16742,464.9,1
13928,464.57,4
16586,463.95,1
14967,463.8,1
12787,463.66,3
17418,463.46000000000004,2
14489,463.38,1
12945,462.95,1
14331,462.65999999999997,2
14470,461.19,2
12391,460.89,1
16824,460.64,2
16805,460.59,2
12491,460.40000000000003,1
12355,459.4,1
16589,459.24,3
17880,458.92,1
15754,458.57,3
13506,458.52,2
17392,457.91,2
15092,457.81,2
15121,457.72,2
12375,457.5,2
13398,457.34,1
12564,456.9,1
12999,455.88,3
14513,455.59000000000003,3
15585,455.3,1
16529,455.25,1
13485,454.24,1
15475,454.10999999999996,1
17564,454.01,3
18158,453.4,2
12729,453.01,1
18071,453.0,2
14184,452.89,1
12591,452.84999999999997,1
12970,452.24,4
16574,451.44,1
15802,451.42,1
14173,450.84,4
17040,449.73,1
13489,449.52,4
12448,449.45,1
15739,449.12,1
17579,448.90000000000003,3
14780,447.68,2
15646,447.64000000000004,3
15456,447.22,3
15368,446.94000000000005,1
15889,446.87,2
14149,446.62,1
17370,446.18,4
17190,444.74,2
18006,444.68,1
14638,443.6,1
16404,443.05,1
18222,443.0,1
14093,442.85,1
12579,440.42,1
15524,440.0,1
18233,440.0,1
14022,440.0,1
13954,439.92,2
16025,439.65999999999997,1
13359,439.56,1
16968,439.43,2
13358,439.03,1
14272,437.96,2
12552,437.82,2
16034,437.7,3
12592,437.6,2
15553,437.23,1
16084,436.18,1
15551,436.06,1
16948,435.02,3
14910,434.35,4
14460,434.34,3
12493,433.74,2
17035,433.53000000000003,2
14157,432.88,2
16236,432.2,1
16881,432.0,1
15976,430.94,2
18106,430.7,1
12452,430.57,2
13245,430.5,1
12795,430.48,1
12827,430.15000000000003,3
14998,429.87,2
16884,429.84000000000003,2
15450,429.84,1
15230,429.6,2
13602,428.89,1
15957,428.89,1
16324,428.68,3
17869,428.18,5
15360,427.93,1
12725,427.8,1
12403,427.7,1
12740,427.6,1
12802,427.58,1
15994,427.07,1
17223,426.79,2
15930,426.63,1
14288,426.6,1
15639,425.32,1
16780,425.19,2
17134,425.0,2
17371,423.89,3
13140,423.72,3
16119,423.36,2
15012,423.04,2
18034,422.88,2
17525,422.70000000000005,1
13473,422.64,2
16689,422.59999999999997,2
18240,422.58,1
17232,421.52,2
14757,420.5,1
15206,420.29999999999995,4
14124,419.58000000000004,1
15361,418.92,1
15967,418.83,2
12593,418.09999999999997,3
17701,417.95,1
16629,417.73,2
13615,417.69,1
16737,417.59999999999997,1
12833,417.38,1
18001,417.23,2
13166,417.2,1
16816,417.06,4
13889,416.90000000000003,1
15935,416.86,2
16957,416.64,2
13085,416.08000000000004,2
15803,415.82000000000005,1
14139,415.82,1
12930,415.8,2
12580,415.7,1
15725,415.25,1
14333,415.2,1
16795,414.88,1
12993,414.76,4
16239,414.2,2
17483,414.04,3
17052,413.75,1
13974,413.59000000000003,1
16834,413.46,1
14620,412.78000000000003,2
13827,412.05,3
15523,412.01000000000005,1
16272,411.7,1
17913,411.6,2
14670,411.53,2
15186,411.41,2
15099,410.48,1
15695,409.98,2
14048,409.93,1
14348,409.57,1
12990,409.5,3
15225,409.40000000000003,1
16243,409.1,2
16018,408.90000000000003,2
15269,408.8,1
16399,408.57,2
17931,408.36,2
16010,407.5,3
15184,406.76,2
15127,406.53,1
16947,406.48,1
15342,406.09,1
14616,406.08000000000004,3
16204,405.71,1
18036,405.62,3
12922,405.38,1
17379,404.66,1
15938,404.58,5
16319,404.40000000000003,1
16484,404.3,2
12498,403.70000000000005,3
17431,403.3,1
15221,403.25,1
12386,401.9,2
15158,401.40000000000003,1
16500,400.86,6
16198,400.68100000000004,1
12792,400.53999999999996,1
17375,400.1,3
18164,399.65000000000003,1
13255,399.51,2
18154,399.19,2
15522,398.84,2
17830,398.7,3
12508,398.27,2
13352,397.97999999999996,1
15429,397.35,2
17926,397.29,2
12824,397.12,1
13594,396.97,1
13673,396.92,2
17486,396.87,1
15883,396.48,2
18067,396.33,1
16354,395.8,2
17603,394.72,1
14619,394.44,1
16207,394.38,1
15386,394.14,1
15264,393.74,1
15345,393.54,1
17226,393.49,1
14600,393.33000000000004,1
15837,391.98,1
16917,391.52,1
12982,390.54,1
17614,390.07,1
17936,389.84,1
18024,389.78,2
14752,389.64,1
13873,389.6,3
13345,389.5,1
16250,389.44,2
15847,389.27,2
12690,389.01,1
17595,388.79,2
15592,388.58,1
13899,388.52,2
13856,388.5,3
17438,388.45000000000005,1
16776,388.28,1
14538,388.25,2
17357,388.14,2
17817,387.68,3
14420,387.52,1
17508,387.31,1
14114,386.53,2
15664,386.43,1
14779,386.15,3
13821,385.64,2
17711,385.1,2
13919,384.81,2
13833,384.8,1
17250,384.52,2
17189,384.40000000000003,2
17205,384.08,1
16982,384.06,1
15048,384.05,4
12733,383.95,1
12515,383.7,1
15440,383.68,3
14304,383.45,1
15424,383.34,2
12832,383.03,2
13817,382.98,2
18181,382.8,1
17239,382.5,1
13657,382.14,2
17999,382.06,2
15090,381.32,1
16441,381.2,2
12871,380.64,2
17573,380.6,3
16930,380.55,3
17138,380.5,1
12890,380.46999999999997,1
16769,380.39,1
17031,380.35,2
14731,380.02,3
14594,379.83,2
16552,379.73,2
13589,379.65,2
13656,379.65,2
17878,379.45,1
15885,379.35,3
16909,379.14,1
13372,378.64,1
17078,378.2,2
17736,377.44,3
15025,377.01,1
17489,376.64,2
13936,376.58,1
16858,375.69000000000005,1
14448,375.35,2
14079,375.1,1
16147,375.0,1
14067,374.7,2
17492,374.57,1
12873,374.0,1
13351,373.94,1
13569,373.75,2
16321,373.65000000000003,5
16903,373.24,1
12895,372.8,2
12544,372.7,1
12981,372.21999999999997,2
16065,372.09,1
13300,371.89,1
17765,371.88,3
14690,371.7,2
18155,371.62,3
15472,371.56,1
14950,371.2,1
15975,371.01,1
15063,370.79999999999995,1
16343,370.47999999999996,2
15922,369.5,1
16758,369.34000000000003,1
14888,369.2,1
16372,367.93,2
17911,366.23,1
17358,365.85,2
17432,365.76,2
16499,365.45,2
16202,365.27,1
14886,364.8,1
15949,364.72,2
12373,364.6,1
15343,364.5,1
14528,364.21999999999997,1
12538,363.95,1
17330,363.9,2
15901,363.88,3
14171,363.79,1
16509,363.7,1
16485,363.65,1
18056,363.65,1
12915,363.65,2
14932,363.53,1
14427,363.34000000000003,2
16378,362.95,3
16052,362.06,1
13844,361.62,1
16305,361.21999999999997,1
13291,361.11,1
15872,360.93,2
16595,360.16,1
13780,360.01,2
13298,360.0,1
15120,358.82,1
17948,358.56000000000006,1
16823,358.38,1
13228,358.0,1
13976,357.98,1
16274,357.95,1
17025,357.77,3
16971,357.21,1
18040,357.20000000000005,2
13453,356.97999999999996,2
14500,356.85,3
15713,356.7,2
15247,356.0,1
14537,355.56,1
15840,355.56,2
12617,355.53,1
17742,355.11,2
13642,354.8,1
17222,354.15,1
12888,354.12,2
15870,354.09000000000003,1
12845,354.09,4
12715,353.86,1
17252,353.86,2
13173,353.65,2
13210,353.48,1
13343,353.43,1
14804,353.27,1
17976,353.19,1
15678,352.7,1
18112,352.69,2
15334,351.67,3
12566,351.65,1
15789,351.3,1
13923,351.13,1
15900,351.11,1
13332,350.9,1
13740,350.75,1
17835,350.64,3
17795,350.39,2
13108,350.06,1
12532,349.83000000000004,1
13670,349.7,1
13887,349.55,1
18250,349.27,1
15405,349.1,1
13927,348.99,1
13790,348.8,1
18127,348.73,3
12527,348.71000000000004,3
15579,348.6,2
16159,348.2,1
13052,348.15000000000003,1
14379,348.1,2
13497,348.05,2
17668,347.75,2
13062,346.98,1
13649,346.6,2
16423,346.12,1
13091,345.82,1
15781,345.46,3
17123,345.29999999999995,1
13774,345.0,1
14633,344.90000000000003,1
16978,344.33,1
17569,344.14,1
13068,344.0,2
15047,343.62,1
15520,343.5,1
18081,343.45,3
15880,343.28000000000003,1
12875,343.2300000000001,2
17201,342.63,1
16851,342.45,3
16826,341.7,1
13347,341.36,1
17917,341.28,3
14491,340.93,2
12519,340.84,1
15115,340.11,1
13737,339.59999999999997,1
17045,339.44,3
16545,339.3,1
17697,338.95,1
17839,338.8,1
16183,338.71000000000004,1
15652,337.74,1
15942,337.44,1
13930,337.34,2
17973,337.04,1
16105,336.96,1
17914,336.43,1
15619,336.40000000000003,1
17384,336.4,2
14954,336.17,1
18078,336.13,2
15921,336.03000000000003,1
18276,335.86,1
14196,335.52,1
16063,335.32,1
17221,335.13,2
12489,334.93,1
14988,334.54,1
15466,334.53,1
12350,334.4,1
15918,334.23,2
14264,333.97,2
13216,333.74,1
13727,333.48,2
16625,333.08,1
14902,332.66,1
13904,332.64,2
16850,332.41,1
16803,332.3,1
16177,331.95,1
16030,331.24,1
15210,331.18,1
16478,331.0,3
12891,331.0,3
17862,330.9,1
15714,330.88,2
13706,330.79,1
14517,330.45,2
15130,330.11,1
16593,330.03,3
12953,329.85,1
14716,329.68,2
17866,329.65,1
17615,329.6,3
13239,329.56,1
17154,329.34,1
15153,329.25,1
14012,328.8,1
16855,328.4,2
15213,328.35,2
14747,328.2,1
14206,328.15999999999997,1
16318,328.15,1
15314,327.97,1
14024,327.7,2
16366,327.3,1
14870,327.25,1
16322,326.75,2
14987,326.4,2
17715,326.4,1
16071,326.24,1
15363,326.0,1
12844,325.96000000000004,2
16830,325.91,1
14850,325.75,1
15944,325.1,1
12790,324.92,1
13801,324.8,1
15597,324.57,1
18261,324.24,2
16685,324.24,2
14555,324.14,2
15675,323.69,3
17793,323.04,1
16739,323.0,1
13955,322.96,2
16627,322.8,1
16342,322.41,4
14424,322.08,1
15224,322.08,2
14484,321.92,1
14823,321.43,3
15236,321.05,1
18117,320.72,1
16096,320.62,1
14622,320.58000000000004,1
13986,320.46,1
16674,319.61,2
15107,319.5,6
16967,319.02,1
17157,319.0,2
17229,318.76,2
17248,318.65,1
14703,318.17,1
12648,318.05,1
18066,318.0,1
17172,317.76,1
17267,317.62,2
15101,317.53,2
16386,317.2,2
15257,317.15,1
15385,316.88,1
15243,316.68,1
16761,316.62,1
15204,316.58,1
17458,316.5,1
13494,316.26000000000005,1
14479,316.25,2
16473,316.11,3
12614,315.6,1
15766,315.06,1
16091,315.06,2
17237,314.69,2
16193,314.45,1
12650,314.44,1
16227,314.22,1
15970,314.1,1
13484,313.8,1
16582,313.62,1
14729,313.49,1
13845,312.98,1
15318,312.62,1
12834,312.38,1
17362,312.23,2
17070,312.14,1
12785,311.95,1
16450,311.92,1
14142,311.81,1
15326,311.71,1
14951,311.69,1
14327,311.65,1
12852,311.55,1
13990,311.3,1
17854,311.26,2
16781,311.25,1
13897,311.16,1
17912,311.01,5
17266,310.64,3
15185,310.62,1
15308,310.47,1
14311,310.26,1
14924,310.05,1
15661,309.8,2
15699,309.65,1
16810,309.54,1
14339,309.52,1
14847,309.4,1
17604,309.36,2
12884,309.05,1
13787,309.04,2
15010,308.94,1
16956,308.74,1
13699,308.58000000000004,1
17510,308.48,1
13369,308.28000000000003,1
13466,307.9,1
15973,307.82000000000005,1
16123,307.78,1
13529,307.76,2
13395,307.72,1
13060,307.53,1
14915,307.48,2
17120,307.46,1
13932,307.4,1
13142,307.09,1
17334,307.02,2
15087,306.94,1
17551,306.84,1
13762,306.72,1
16668,306.71999999999997,6
13718,306.55,2
18059,306.46,3
15659,306.45,1
17176,306.13,1
13863,305.78,1
15219,305.75,1
16796,305.62,1
16181,305.54,1
13045,305.28000000000003,1
18220,305.28000000000003,1
12623,305.1,1
13667,305.02,1
17941,304.56,1
15163,304.47,2
16217,304.25,2
18185,304.25,1
17732,303.97,1
16400,303.93,1
13083,303.75,2
17433,303.15999999999997,1
15060,303.09,4
16425,302.7,1
14248,302.58,1
18165,302.46000000000004,1
16104,302.36,1
16292,302.25,1
17506,302.2,1
15054,302.1,2
17094,302.0,1
16297,301.9,1
16715,301.71999999999997,1
15667,301.32,1
15148,301.29,1
15623,301.03,1
13479,300.95,2
17978,300.91999999999996,1
16430,300.85,1
16479,300.83,2
14762,300.52,1
13304,300.42,1
15254,300.36,1
13745,300.04,1
18053,300.02,1
16402,299.6,2
18215,299.34000000000003,1
17124,298.89,1
15609,298.48,1
17255,298.41,2
17824,298.4,1
17678,298.11,1
12881,298.0,1
15857,297.0,1
13708,296.88,1
14985,296.75,2
17531,296.7,1
13441,296.64,1
15154,296.42,1
13751,296.25,1
13504,295.93,1
16998,295.0,4
13573,294.4,2
15732,294.12,2
17163,293.1,2
12829,293.0,2
15545,292.71999999999997,2
16721,292.47,1
13259,292.32,1
13502,292.0,3
13449,291.88,1
13544,291.41,2
14656,291.05,2
14947,290.82,2
16648,290.65999999999997,1
15279,290.51,1
17691,290.40000000000003,2
16526,290.36,1
17081,290.16,2
14784,289.99,2
17464,289.96000000000004,1
14953,289.82,1
16897,289.78,2
14162,289.36,2
16125,289.35,1
14549,289.24,1
17501,288.6,2
16808,288.42,2
15396,288.18,1
17977,288.14,1
17080,287.62,2
17760,287.59,2
16432,287.4,1
13760,286.79,2
16555,285.89,2
14660,285.74,2
17636,285.56,1
16429,284.55,1
18190,284.46000000000004,2
13121,283.73,1
13439,283.71,1
12703,283.55,1
17783,283.47,2
17251,283.28000000000003,1
18270,283.15,2
17694,283.12,1
14350,282.93,1
13754,282.59999999999997,2
13177,282.45,1
17247,282.19,1
16557,281.85,2
17403,281.62,1
16848,281.42,1
14242,280.55,2
13606,280.53999999999996,3
16149,280.52,2
14975,279.94,1
15556,279.77,1
14480,279.05,1
17786,278.74,2
14764,278.3,1
14908,277.8,1
17968,277.35,1
13803,277.07,1
15355,277.05,2
16883,276.73,2
13272,276.56,2
14508,276.42,2
12750,275.88,1
14512,275.28,2
16313,274.15000000000003,2
16727,272.82,1
17254,272.44,2
17498,272.22,1
14819,272.07,2
13917,272.04,2
14816,271.85,1
13058,271.40000000000003,3
13837,271.24,2
17767,271.2,1
17496,271.05,1
18108,271.0,1
17011,270.9,1
15774,270.8,1
13533,270.79,3
14520,270.6,2
13242,270.40000000000003,3
12558,269.96,1
14727,268.58,1
15408,267.18,1
17550,267.16,3
15320,267.13,1
17708,267.08,2
15517,267.03,1
16451,266.97,1
14863,266.76,1
15119,266.4,1
12962,266.39,2
15019,266.0,1
14068,265.85,1
17430,265.76,2
14423,265.2,1
13973,264.7,1
15912,264.62,2
14452,264.44,2
15894,263.55,2
12492,263.21000000000004,2
16936,262.68,1
17194,262.62,2
16413,262.2,1
17385,261.11,1
13189,260.68,2
14053,260.25,2
15014,260.17,2
15143,259.45,1
17125,259.35,1
13127,259.17,1
16447,259.01,1
15577,258.88,3
13277,258.4,4
13227,257.7,1
14375,257.68,1
18009,257.34,1
13626,257.23,1
16048,256.44,2
12430,256.4,1
13806,256.38,1
17896,256.32,1
14761,255.9,2
15277,255.89999999999998,1
14881,255.4,1
16226,255.12,3
15261,254.82,1
12604,254.18,2
14765,254.11,3
15689,254.1,2
12797,254.03,1
15759,253.04,3
17860,252.8,1
15035,252.73000000000002,1
13404,252.49,2
15346,252.42000000000002,1
13645,252.1,1
13711,252.06,2
16330,251.91,3
16836,251.87,2
17155,251.70000000000002,2
16976,251.51999999999998,1
16024,251.24,1
14501,251.21,2
13512,251.21,1
13207,250.26000000000002,2
16596,250.15,2
17303,250.04,1
15510,250.0,1
17456,249.86,1
18005,249.72,2
16124,249.0,1
13061,248.61,1
17111,248.61,1
18212,248.42,1
16510,248.1,1
15097,248.08,1
13592,247.95999999999998,4
18072,247.44,1
13349,247.32,1
14658,247.15,2
17051,247.14000000000001,1
15783,246.3,1
17278,246.04,1
16778,245.94,2
17771,245.81,2
12660,245.1,1
15118,244.8,1
16601,244.79999999999998,1
16528,244.41,1
17892,244.1,3
17925,244.08,1
13103,243.94,1
16793,243.84,1
18193,243.76,1
13886,243.56,1
15634,243.55,1
17339,243.36,2
17908,243.28,1
14647,243.22,1
16215,242.35,1
15776,241.62,1
14523,241.09,1
16427,241.06,2
15598,240.68,1
15286,240.55,1
13565,240.22,2
17256,240.0,2
17181,239.92000000000002,2
15690,239.76,2
13570,239.49,1
17684,239.41,1
16756,239.4,1
15850,238.85,2
12561,238.85,1
12718,238.25,1
17877,237.61,1
14586,237.36,1
15457,237.07,1
18110,236.3,1
12732,236.26000000000002,1
16026,236.09,1
13187,236.02,1
15462,234.6,3
14473,234.34000000000003,2
17060,234.24,1
16961,234.17,1
12736,234.0,1
15483,233.81,4
13348,233.76,1
16583,233.45,1
14995,233.23000000000002,2
16302,233.22,1
13678,232.6,1
18213,232.48000000000002,1
16117,232.21,1
15393,231.86,2
16641,231.10000000000002,1
18030,230.64999999999998,2
15866,230.53,1
16445,230.51,1
13786,230.39999999999998,1
16926,230.25,1
13960,230.22,2
12812,229.64000000000001,1
13474,229.59,1
13008,229.46999999999997,1
15528,229.33,1
14793,228.99,1
17347,228.96,1
13146,228.91,1
13712,228.84,1
13070,228.8,1
17969,228.2,2
16527,228.06,1
14569,227.39,1
17212,226.85,1
17572,226.75000000000003,4
16315,226.37,1
16777,226.35,2
16619,226.21,1
17789,225.9,1
12672,225.89999999999998,1
14624,225.85,2
14357,225.77,1
12402,225.6,1
16690,225.57999999999998,2
14052,225.36,1
16587,225.15,1
17171,224.91,1
15175,224.14,1
16471,223.95000000000002,1
16753,223.92000000000002,1
14929,223.88,1
13926,223.85000000000002,1
18101,223.65,2
15637,223.36,1
17534,223.36,1
13382,222.99,1
15897,222.05,2
14598,221.97,1
14960,221.27,2
16392,221.19,1
13419,221.06,1
15790,220.85,1
16482,220.62,1
13079,220.10000000000002,5
18114,220.1,1
13600,219.52,1
15096,219.39000000000001,1
16895,219.14,1
12702,219.0,1
13669,218.55,2
17619,218.52,1
13428,218.47,1
12574,218.45,1
15724,218.25,2
14570,218.06,2
16634,217.9,2
13271,217.38,1
15554,217.2,1
16080,217.16,2
13739,216.9,1
13503,216.85,1
15460,216.76,1
12897,216.5,2
15604,216.39,1
17436,216.29999999999998,2
14104,216.20999999999998,2
13858,216.17,1
16179,215.83,1
15052,215.78,1
17580,215.72,3
14476,215.7,1
16189,215.48,2
16190,215.08,1
16519,215.07999999999998,2
12831,215.05,1
12588,214.89999999999998,1
16338,214.79999999999998,1
16411,214.65,2
16846,214.32,1
16647,214.06,2
14601,213.96,1
13621,213.85,1
17153,213.78,1
14241,213.70000000000002,1
13411,213.55,1
16591,213.5,1
15540,213.3,1
14984,213.27,2
17928,212.54,2
16017,211.88,1
16356,211.77,3
15703,211.5,1
12995,211.32,1
16415,210.35,1
13532,210.31,1
13828,209.49,1
17855,208.97,1
15327,208.75,1
17514,208.65,1
16914,208.46,1
16457,208.36,1
18191,207.79999999999998,1
12547,207.79999999999998,2
16866,207.73999999999998,3
16323,207.50000000000003,1
17923,207.50000000000003,1
16752,207.5,1
13099,207.35999999999999,1
15925,207.15,1
15820,206.98,1
18126,206.82999999999998,1
17166,206.34,2
14964,206.21,1
13065,205.86,1
17670,205.7,1
17843,205.48,1
15307,205.3,1
15758,205.25,1
13513,205.1,1
15319,204.5,1
17206,204.24,1
18273,204.0,3
13017,204.0,1
17187,203.95,1
17889,203.87,2
17394,203.86999999999998,1
17891,203.85999999999999,1
17376,203.2,2
15723,203.1,1
14381,202.68,1
18169,202.65,1
14385,202.11,3
15347,201.60000000000002,1
13295,201.20000000000002,1
16965,201.19,1
13284,201.19,1
13859,201.16,1
17988,201.12,7
17693,200.47,1
13262,200.29,1
15437,200.16,1
13980,200.14,1
14782,200.10000000000002,1
13723,199.85000000000002,1
15593,199.8,1
13322,199.48000000000002,1
17383,199.29,1
16832,199.15,3
17987,198.57,1
16178,197.9,1
12450,197.88,2
12581,197.71,1
14185,197.65,1
14789,197.64,1
17301,197.63,1
16829,197.22,1
14830,197.13,1
15234,197.0,1
12586,196.94000000000003,1
13436,196.89,1
15746,196.88,1
13978,196.79000000000002,2
17660,196.0,1
16112,195.73999999999998,4
13792,195.55,2
17010,195.36,1
14666,195.25,1
15612,195.15,2
14100,194.9,1
16887,194.88,1
14087,194.42,1
17475,194.37,1
15683,193.75,1
17343,193.64,1
15198,193.64,2
16847,193.44,1
17608,193.42,2
14806,193.39000000000001,1
14801,193.14,1
13568,192.85,1
12522,192.72,2
14768,192.60000000000002,2
12791,192.60000000000002,1
15909,191.94,1
17904,191.67,1
14966,191.32,1
15692,191.04,1
17233,190.88,1
13033,190.55,1
15412,190.53,1
13972,190.25,2
17885,190.19,1
12361,189.9,1
13826,189.5,1
13663,189.47,1
18045,189.4,1
16448,188.89000000000001,1
14697,188.60999999999999,2
12893,188.14,1
17781,188.02,2
14722,187.92000000000002,1
17279,187.82999999999998,1
18013,187.29,2
17440,186.42000000000002,3
13672,186.39000000000001,2
14551,186.23,2
15567,186.01,1
12641,185.9,1
17574,185.65,1
14199,185.39999999999998,1
16097,185.04999999999998,1
13482,184.64,1
17680,184.4,1
16433,184.26,1
15124,184.19,2
14326,183.85,1
16680,183.7,1
14059,183.6,1
13460,183.44,2
13059,183.4,1
17772,182.77,2
14082,182.25,1
18119,181.12,1
16594,181.09,1
15886,181.09,1
15945,181.0,1
15292,180.94,1
16835,180.85,2
18280,180.60000000000002,1
13710,180.48,1
15041,180.35,1
13598,180.17000000000002,1
12622,180.1,1
18147,179.33999999999997,2
15895,179.17,1
15454,179.1,1
14705,179.0,1
16990,179.0,1
15139,178.96,2
16620,178.96,2
15262,178.95000000000002,1
13778,178.7,1
17879,178.51999999999998,1
17253,178.26,1
17356,178.22,1
18282,178.05,2
16403,177.5,1
13618,177.34,1
12618,177.31,1
13072,177.15,1
12923,176.97,1
17947,176.68,1
14287,176.63,3
12509,176.5,1
18274,175.92,1
17582,175.27,1
17331,175.2,1
16144,175.2,1
18010,174.8,1
14355,174.4,1
14518,174.37,1
13560,174.37,1
15335,173.97,1
18278,173.9,1
16861,173.76,2
14798,173.74,3
16565,173.7,1
12441,173.55,1
15565,173.16,2
15670,173.05,1
14693,172.9,1
18048,172.29000000000002,2
13690,172.25,1
13922,172.25,1
12442,172.06,1
14536,171.8,1
16773,171.59,1
17245,171.45,1
15432,171.19,1
17542,170.75,1
14860,170.32,1
18058,170.16,1
15016,170.04,1
16921,169.79,1
13962,169.55,2
14218,169.48000000000002,1
18004,169.47,1
12367,168.9,1
14578,168.63,1
18269,168.6,1
17367,168.4,1
18099,168.31,1
15888,168.31,1
16282,168.3,1
17737,168.24,2
15986,168.12,1
15374,168.0,1
12551,168.0,1
18088,167.67000000000002,1
17561,167.62,1
16952,167.61,2
15920,167.5,4
16405,167.25,2
18014,166.42,1
14295,166.20000000000002,1
17650,166.08,1
12817,166.04,1
14485,165.75,1
14552,165.07,1
18042,165.04999999999998,1
15316,165.0,1
13470,165.0,2
15904,164.68,1
17535,164.4,1
13603,164.34,1
12920,164.23,1
18200,163.8,1
14354,163.62,2
17110,163.29999999999998,1
13223,163.20000000000002,2
16406,163.07,1
15167,163.0,1
16517,162.7,1
15733,162.3,1
15325,162.29,1
16932,161.94,1
17600,161.67000000000002,1
15458,161.64,1
16113,161.38,1
14362,161.2,1
14204,161.03,1
14237,161.0,1
14089,161.0,1
13229,160.95,1
15852,160.71,2
17344,160.57,1
12573,160.54000000000002,1
18203,160.42000000000002,1
18146,160.35000000000002,2
14714,160.19,1
12966,160.18,1
13420,159.85,2
16213,159.0,1
18224,158.95000000000002,1
13937,158.85,1
17165,158.68,1
15160,158.16,1
15348,158.04,1
15988,158.03,1
17556,157.9,1
14799,157.7,1
14148,157.2,1
17128,157.09,1
14585,157.05,1
17118,157.02,1
15007,156.91,1
14406,156.75,1
15438,156.57999999999998,1
15263,156.51,1
13898,155.93,1
17871,155.9,1
17899,155.8,1
14813,155.43,2
17832,155.37,1
12738,155.35,1
16720,155.24,1
15447,155.17,1
13809,155.05,1
14368,155.0,1
14046,154.99,1
17698,154.95,1
15740,154.88,1
17026,154.82999999999998,2
15226,154.41,1
17517,153.94,1
17286,153.92,1
16351,153.9,1
12602,153.12,1
17714,153.0,1
16248,152.94,1
17984,152.68,1
18138,152.65,1
14066,152.55,1
17707,152.4,2
13514,152.20000000000002,1
14039,152.2,1
17898,152.06,2
16617,151.85,1
16412,151.83,1
14208,151.74,1
13462,151.5,1
16461,151.42,1
13697,151.29999999999998,1
16337,151.05,1
14073,151.04,1
15717,150.3,1
17234,149.89000000000001,1
15869,149.64,2
17946,149.57999999999998,2
18262,149.48,1
15748,149.31,1
15435,149.29,1
13003,149.05,3
17549,148.86,2
15526,148.44,2
17859,148.21,1
14968,147.59,1
14098,147.35,1
14037,147.20000000000002,2
12864,147.12,1
15503,147.09,1
17030,146.87,1
14238,146.85,1
16893,145.93,1
12565,145.92,1
17935,145.79,2
13866,145.67000000000002,1
15937,145.35,1
16598,145.04999999999998,1
17524,145.0,1
16852,144.91000000000003,2
12974,144.8,1
14109,144.2,1
17186,144.0,2
12587,144.0,1
17578,143.45999999999998,1
15705,143.1,1
13299,142.5,1
16287,142.5,1
14386,142.4,1
13584,142.4,1
13561,141.85999999999999,1
14041,141.41,1
15388,140.54,1
13483,140.34,1
14494,139.56,1
17718,139.35,1
16483,139.35,1
14772,139.26,1
18209,139.10000000000002,1
15135,139.05,1
13273,138.98,1
12902,138.68,1
14581,138.6,1
17122,138.32,1
13716,138.28,1
15663,138.14,1
12512,138.03,2
16050,137.9,1
13279,137.75,1
17709,137.45,1
15836,137.37,1
14483,137.1,1
17468,137.0,2
15691,136.8,1
14247,136.76999999999998,1
17972,136.04,1
16462,136.0,3
12968,135.95,1
15042,135.93,1
14889,135.9,1
15419,135.86,1
16114,135.75000000000003,1
15174,135.75,1
16665,135.39999999999998,1
15276,135.31,1
12851,135.18,1
13364,134.95999999999998,1
16055,134.8,1
14340,134.7,1
15562,134.55,1
14174,134.46,1
12837,134.1,1
14280,134.04,1
16424,133.56,1
14349,133.5,1
12445,133.4,1
17881,133.35000000000002,1
15709,133.25,1
17647,133.06,1
17785,131.94,1
14438,131.9,1
17297,131.78,1
17455,131.7,1
14795,131.45000000000002,1
15844,130.73999999999998,1
16679,129.75,1
16611,129.49,1
16623,129.45,1
16828,128.5,2
15543,127.86,1
17359,127.86,1
13781,127.84,1
15578,127.1,1
15923,127.08,1
14962,126.7,1
16414,126.25,2
15463,126.14,1
16988,126.12,1
12814,125.92,1
13522,125.80000000000001,1
14861,125.79,1
14890,125.65,1
15017,125.58,1
12531,125.22,1
17148,124.88,1
16849,124.57,1
16569,124.2,1
14495,123.8,2
16658,123.24,1
15917,123.1,1
17967,123.07,1
13519,122.75,1
14413,122.7,1
13876,122.7,1
13638,122.64,1
14165,122.53999999999999,1
14076,122.47,1
16073,122.39999999999999,1
18018,122.14,2
13244,121.74000000000001,1
13182,121.18,1
15049,121.17000000000002,1
15512,121.0,2
13002,120.94999999999999,1
17446,120.9,2
18015,120.03,1
14314,120.0,1
14259,120.0,1
14453,119.93,1
16542,119.62,1
15266,119.3,1
16666,118.98,1
15843,118.95000000000002,1
17079,118.80000000000001,1
14155,118.75,1
13581,118.0,1
13193,117.88,1
12929,117.85,1
17654,117.55,1
16959,117.35000000000001,1
13877,117.24,1
17117,116.19999999999999,1
13170,116.00999999999999,1
17601,116.00999999999999,1
14143,115.8,1
15350,115.65,1
13067,115.46000000000001,1
18027,115.31,1
14972,114.77,1
13188,114.60000000000001,1
14632,114.56,1
16247,114.56,1
14974,114.39,1
17852,114.34,2
17219,114.23,1
14652,114.18,1
12938,114.14,1
14582,114.11,1
12651,114.0,1
14457,113.64,1
17217,113.5,1
15445,113.5,1
18105,113.48000000000002,1
16913,113.44,1
15280,113.12,1
14689,112.8,1
13161,112.75,1
16697,112.75,1
13807,112.6,1
18129,112.55000000000001,1
15610,112.46000000000001,1
17038,112.4,1
14271,112.32,1
17893,112.25,1
17900,112.19999999999999,2
12756,112.07999999999998,1
17274,111.97999999999999,1
17957,111.68,1
17887,111.35,1
18120,111.15,1
13508,110.97,1
13144,110.95,1
15537,110.92,1
15853,110.8,1
17349,110.75,1
16963,110.55000000000001,1
14641,110.46,1
12734,110.39999999999999,1
16792,110.38000000000001,2
17901,110.38,1
18277,110.38,1
17746,110.25,1
17836,110.21000000000001,1
16339,109.95,1
13133,109.8,2
16363,109.36000000000001,1
14699,109.13000000000001,1
14345,108.97999999999999,1
17639,108.5,1
16106,108.38,1
13226,108.21000000000001,1
12956,108.07,1
14661,107.95,1
16784,107.6,1
15395,107.45,1
16757,106.83000000000001,1
15168,106.56,1
15070,106.2,1
17791,106.1,1
16581,105.84,1
15775,104.9,1
14027,104.82,1
15607,104.76,1
15958,104.35,1
18174,104.0,1
18255,103.3,1
17548,103.3,1
14542,103.25,1
17962,102.83,1
18011,102.78999999999999,1
14836,102.44999999999999,3
14981,102.12,1
13948,102.0,1
15212,101.8,1
18068,101.69999999999999,1
16516,101.69999999999999,1
17643,101.55,1
16006,101.4,1
18086,101.34,1
13101,101.19,1
16344,101.10000000000001,1
16498,100.97,2
14946,100.9,1
17427,100.8,1
14371,100.5,1
13703,99.5,1
17939,99.14,1
15256,98.45,1
17538,98.42,1
17895,98.0,1
18033,97.97,1
15422,97.7,2
12984,97.5,1
17325,96.8,1
15216,96.6,1
14642,96.12,1
17024,95.85,3
18249,95.34,1
12548,95.19999999999999,1
16387,94.36,1
13651,94.2,2
15397,94.0,1
15428,93.78,1
18227,93.75,1
13283,93.66,2
17991,93.35,2
12821,92.72,1
14054,92.46,1
12789,91.85,1
13551,91.80000000000001,1
13160,91.8,1
12659,91.68,1
15488,91.32000000000001,1
13947,90.6,1
14353,90.6,1
18084,90.47999999999999,1
16506,90.30000000000001,2
15552,90.12,1
16597,90.04,1
14117,90.0,1
14219,89.94,1
14760,89.2,1
12686,89.14,1
14436,89.06,1
12353,89.0,1
15083,88.2,1
15180,87.5,1
13296,87.4,1
15541,85.13000000000001,1
15729,85.0,1
13841,85.0,1
13666,84.65,3
12401,84.3,1
17309,82.75,1
13006,81.57,1
17620,81.44,1
18281,80.82,1
16789,80.8,1
13967,80.7,1
17752,80.64,1
13747,79.6,1
16078,79.2,1
15753,79.2,1
17942,77.50000000000001,1
14785,77.4,2
13132,77.3,1
13992,76.8,1
14373,76.55,1
13106,76.5,1
17536,76.5,1
16148,76.32000000000001,1
15668,76.32000000000001,1
14090,76.32000000000001,1
18113,76.32000000000001,1
17995,76.1,1
17628,75.75,1
16610,75.66,1
13403,75.0,1
16468,74.9,1
18050,74.4,1
13095,74.39999999999999,1
17960,73.78,1
18032,73.5,1
12506,73.5,1
16171,73.2,1
17906,72.9,1
13686,72.0,1
13938,71.66,1
17747,71.4,1
13185,71.4,1
17022,71.0,1
18037,70.02,6
15863,68.84,2
14393,67.95,1
13684,67.23,1
17382,65.4,1
13130,64.0,1
13302,63.75,1
17263,63.440000000000005,1
14437,63.0,1
12665,63.0,1
14840,62.85,1
13218,62.63999999999999,1
15516,62.43,3
13194,60.7,1
17174,59.9,1
13391,59.8,1
13682,59.5,1
14957,58.49,1
13080,58.08,1
17775,56.4,1
15899,56.25,1
13366,56.160000000000004,1
16349,53.5,1
15504,52.83,1
14865,52.2,2
13832,52.199999999999996,1
15313,52.0,1
14682,52.0,2
17844,51.559999999999995,1
14351,51.0,1
13011,50.550000000000004,1
18184,49.8,1
14821,48.800000000000004,1
15603,48.480000000000004,1
16257,46.95,1
14080,45.599999999999994,1
15423,43.5,1
14300,43.2,1
15992,41.989999999999995,1
15178,40.5,1
14589,39.75,1
12977,39.239999999999995,1
16659,39.12,1
18019,38.45,1
12855,38.1,1
16162,37.4,1
17816,36.56,4
15940,35.8,1
14576,35.400000000000006,1
17831,35.400000000000006,1
16856,35.400000000000006,1
15744,34.8,1
16765,34.0,1
17408,32.65,1
13120,30.599999999999998,1
15657,30.0,1
18268,25.5,1
17102,25.5,1
16953,20.8,1
17986,20.8,1
16093,17.0,1
15823,15.0,1
13307,15.0,1
17763,15.0,1
16878,13.3,1
17956,12.75,1
16454,6.9,2
14792,6.2,1
16738,3.75,1
